question                                                                                                                                                                                                                                                               , options           , answer, category        , image                                                                            , difficulty, source   , dise_category    , question_image_path                                                   , question_image_1_path                                                       , question_image_2_path                                                 , option_a_image_path                                                   , option_b_image_path                                                   , option_c_image_path                                                   , option_d_image_path
The two views above show the same 3D structure from different perspectives. Which option below could be combined to form the same structure as shown in both views without rotation and overlaps? Select the most likely one.                                          , "A, B, C, D"      , D     , 3D Combination  , images/synthetic/merged/3D_combination/easy/merged_question_0758.png             , easy      , synthetic, Extrinsic-Dynamic, images/synthetic/separate/3D_combination/easy/question_0758_Q.png     , images/synthetic/separate/3D_combination/easy/question_0758_Q_opposite.png  ,                                                                       , images/synthetic/separate/3D_combination/easy/question_0758_A0.png    , images/synthetic/separate/3D_combination/easy/question_0758_A1.png    , images/synthetic/separate/3D_combination/easy/question_0758_A2.png    , images/synthetic/separate/3D_combination/easy/question_0758_A3.png
The two views above show the same 3D structure from different perspectives. Which option below could be combined to form the same structure as shown in both views without rotation and overlaps? Select the most likely one.                                          , "A, B, C, D"      , A     , 3D Combination  , images/synthetic/merged/3D_combination/easy/merged_question_0295.png             , easy      , synthetic, Extrinsic-Dynamic, images/synthetic/separate/3D_combination/easy/question_0295_Q.png     , images/synthetic/separate/3D_combination/easy/question_0295_Q_opposite.png  ,                                                                       , images/synthetic/separate/3D_combination/easy/question_0295_A0.png    , images/synthetic/separate/3D_combination/easy/question_0295_A1.png    , images/synthetic/separate/3D_combination/easy/question_0295_A2.png    , images/synthetic/separate/3D_combination/easy/question_0295_A3.png
"Given the two perspectives of a 3D object shown above, choose the option below that can be combined to form a structure consistent with both views without rotation and overlaps. Select the most likely one."                                                        , "A, B, C, D"      , B     , 3D Combination  , images/synthetic/merged/3D_combination/easy/merged_question_0250.png             , easy      , synthetic, Extrinsic-Dynamic, images/synthetic/separate/3D_combination/easy/question_0250_Q.png     , images/synthetic/separate/3D_combination/easy/question_0250_Q_opposite.png  ,                                                                       , images/synthetic/separate/3D_combination/easy/question_0250_A0.png    , images/synthetic/separate/3D_combination/easy/question_0250_A1.png    , images/synthetic/separate/3D_combination/easy/question_0250_A2.png    , images/synthetic/separate/3D_combination/easy/question_0250_A3.png
"Given the two perspectives of a 3D object shown above, choose the option below that can be combined to form a structure consistent with both views without rotation and overlaps. Select the most likely one."                                                        , "A, B, C, D"      , C     , 3D Combination  , images/synthetic/merged/3D_combination/easy/merged_question_0830.png             , easy      , synthetic, Extrinsic-Dynamic, images/synthetic/separate/3D_combination/easy/question_0830_Q.png     , images/synthetic/separate/3D_combination/easy/question_0830_Q_opposite.png  ,                                                                       , images/synthetic/separate/3D_combination/easy/question_0830_A0.png    , images/synthetic/separate/3D_combination/easy/question_0830_A1.png    , images/synthetic/separate/3D_combination/easy/question_0830_A2.png    , images/synthetic/separate/3D_combination/easy/question_0830_A3.png
The two images above show a 3D structure from different angles. Which one of the options below could be constructed to appear the same as both given views when observed from the corresponding perspectives without rotation and overlaps? Select the most likely one., "A, B, C, D"      , C     , 3D Combination  , images/synthetic/merged/3D_combination/easy/merged_question_0862.png             , easy      , synthetic, Extrinsic-Dynamic, images/synthetic/separate/3D_combination/easy/question_0862_Q.png     , images/synthetic/separate/3D_combination/easy/question_0862_Q_opposite.png  ,                                                                       , images/synthetic/separate/3D_combination/easy/question_0862_A0.png    , images/synthetic/separate/3D_combination/easy/question_0862_A1.png    , images/synthetic/separate/3D_combination/easy/question_0862_A2.png    , images/synthetic/separate/3D_combination/easy/question_0862_A3.png
"Given the two perspectives of a 3D object shown above, choose the option below that can be combined to form a structure consistent with both views without rotation and overlaps. Select the most likely one."                                                        , "A, B, C, D"      , A     , 3D Combination  , images/synthetic/merged/3D_combination/easy/merged_question_0831.png             , easy      , synthetic, Extrinsic-Dynamic, images/synthetic/separate/3D_combination/easy/question_0831_Q.png     , images/synthetic/separate/3D_combination/easy/question_0831_Q_opposite.png  ,                                                                       , images/synthetic/separate/3D_combination/easy/question_0831_A0.png    , images/synthetic/separate/3D_combination/easy/question_0831_A1.png    , images/synthetic/separate/3D_combination/easy/question_0831_A2.png    , images/synthetic/separate/3D_combination/easy/question_0831_A3.png
"Given the two perspectives of a 3D object shown above, choose the option below that can be combined to form a structure consistent with both views without rotation and overlaps. Select the most likely one."                                                        , "A, B, C, D"      , C     , 3D Combination  , images/synthetic/merged/3D_combination/easy/merged_question_0621.png             , easy      , synthetic, Extrinsic-Dynamic, images/synthetic/separate/3D_combination/easy/question_0621_Q.png     , images/synthetic/separate/3D_combination/easy/question_0621_Q_opposite.png  ,                                                                       , images/synthetic/separate/3D_combination/easy/question_0621_A0.png    , images/synthetic/separate/3D_combination/easy/question_0621_A1.png    , images/synthetic/separate/3D_combination/easy/question_0621_A2.png    , images/synthetic/separate/3D_combination/easy/question_0621_A3.png
"Given the two perspectives of a 3D object shown above, choose the option below that can be combined to form a structure consistent with both views without rotation and overlaps. Select the most likely one."                                                        , "A, B, C, D"      , C     , 3D Combination  , images/synthetic/merged/3D_combination/easy/merged_question_0540.png             , easy      , synthetic, Extrinsic-Dynamic, images/synthetic/separate/3D_combination/easy/question_0540_Q.png     , images/synthetic/separate/3D_combination/easy/question_0540_Q_opposite.png  ,                                                                       , images/synthetic/separate/3D_combination/easy/question_0540_A0.png    , images/synthetic/separate/3D_combination/easy/question_0540_A1.png    , images/synthetic/separate/3D_combination/easy/question_0540_A2.png    , images/synthetic/separate/3D_combination/easy/question_0540_A3.png
"Given the two perspectives of a 3D object shown above, choose the option below that can be combined to form a structure consistent with both views without rotation and overlaps. Select the most likely one."                                                        , "A, B, C, D"      , B     , 3D Combination  , images/synthetic/merged/3D_combination/easy/merged_question_0626.png             , easy      , synthetic, Extrinsic-Dynamic, images/synthetic/separate/3D_combination/easy/question_0626_Q.png     , images/synthetic/separate/3D_combination/easy/question_0626_Q_opposite.png  ,                                                                       , images/synthetic/separate/3D_combination/easy/question_0626_A0.png    , images/synthetic/separate/3D_combination/easy/question_0626_A1.png    , images/synthetic/separate/3D_combination/easy/question_0626_A2.png    , images/synthetic/separate/3D_combination/easy/question_0626_A3.png
"Given the two perspectives of a 3D object shown above, choose the option below that can be combined to form a structure consistent with both views without rotation and overlaps. Select the most likely one."                                                        , "A, B, C, D"      , A     , 3D Combination  , images/synthetic/merged/3D_combination/easy/merged_question_0953.png             , easy      , synthetic, Extrinsic-Dynamic, images/synthetic/separate/3D_combination/easy/question_0953_Q.png     , images/synthetic/separate/3D_combination/easy/question_0953_Q_opposite.png  ,                                                                       , images/synthetic/separate/3D_combination/easy/question_0953_A0.png    , images/synthetic/separate/3D_combination/easy/question_0953_A1.png    , images/synthetic/separate/3D_combination/easy/question_0953_A2.png    , images/synthetic/separate/3D_combination/easy/question_0953_A3.png
The two views above show the same 3D structure from different perspectives. Which option below could be combined to form the same structure as shown in both views without rotation and overlaps? Select the most likely one.                                          , "A, B, C, D"      , D     , 3D Combination  , images/synthetic/merged/3D_combination/easy/merged_question_0493.png             , easy      , synthetic, Extrinsic-Dynamic, images/synthetic/separate/3D_combination/easy/question_0493_Q.png     , images/synthetic/separate/3D_combination/easy/question_0493_Q_opposite.png  ,                                                                       , images/synthetic/separate/3D_combination/easy/question_0493_A0.png    , images/synthetic/separate/3D_combination/easy/question_0493_A1.png    , images/synthetic/separate/3D_combination/easy/question_0493_A2.png    , images/synthetic/separate/3D_combination/easy/question_0493_A3.png
The two images above show a 3D structure from different angles. Which one of the options below could be constructed to appear the same as both given views when observed from the corresponding perspectives without rotation and overlaps? Select the most likely one., "A, B, C, D"      , C     , 3D Combination  , images/synthetic/merged/3D_combination/easy/merged_question_0754.png             , easy      , synthetic, Extrinsic-Dynamic, images/synthetic/separate/3D_combination/easy/question_0754_Q.png     , images/synthetic/separate/3D_combination/easy/question_0754_Q_opposite.png  ,                                                                       , images/synthetic/separate/3D_combination/easy/question_0754_A0.png    , images/synthetic/separate/3D_combination/easy/question_0754_A1.png    , images/synthetic/separate/3D_combination/easy/question_0754_A2.png    , images/synthetic/separate/3D_combination/easy/question_0754_A3.png
The two images above show a 3D structure from different angles. Which one of the options below could be constructed to appear the same as both given views when observed from the corresponding perspectives without rotation and overlaps? Select the most likely one., "A, B, C, D"      , A     , 3D Combination  , images/synthetic/merged/3D_combination/easy/merged_question_0647.png             , easy      , synthetic, Extrinsic-Dynamic, images/synthetic/separate/3D_combination/easy/question_0647_Q.png     , images/synthetic/separate/3D_combination/easy/question_0647_Q_opposite.png  ,                                                                       , images/synthetic/separate/3D_combination/easy/question_0647_A0.png    , images/synthetic/separate/3D_combination/easy/question_0647_A1.png    , images/synthetic/separate/3D_combination/easy/question_0647_A2.png    , images/synthetic/separate/3D_combination/easy/question_0647_A3.png
The two images above show a 3D structure from different angles. Which one of the options below could be constructed to appear the same as both given views when observed from the corresponding perspectives without rotation and overlaps? Select the most likely one., "A, B, C, D"      , A     , 3D Combination  , images/synthetic/merged/3D_combination/easy/merged_question_0373.png             , easy      , synthetic, Extrinsic-Dynamic, images/synthetic/separate/3D_combination/easy/question_0373_Q.png     , images/synthetic/separate/3D_combination/easy/question_0373_Q_opposite.png  ,                                                                       , images/synthetic/separate/3D_combination/easy/question_0373_A0.png    , images/synthetic/separate/3D_combination/easy/question_0373_A1.png    , images/synthetic/separate/3D_combination/easy/question_0373_A2.png    , images/synthetic/separate/3D_combination/easy/question_0373_A3.png
The two images above show a 3D structure from different angles. Which one of the options below could be constructed to appear the same as both given views when observed from the corresponding perspectives without rotation and overlaps? Select the most likely one., "A, B, C, D"      , D     , 3D Combination  , images/synthetic/merged/3D_combination/easy/merged_question_0897.png             , easy      , synthetic, Extrinsic-Dynamic, images/synthetic/separate/3D_combination/easy/question_0897_Q.png     , images/synthetic/separate/3D_combination/easy/question_0897_Q_opposite.png  ,                                                                       , images/synthetic/separate/3D_combination/easy/question_0897_A0.png    , images/synthetic/separate/3D_combination/easy/question_0897_A1.png    , images/synthetic/separate/3D_combination/easy/question_0897_A2.png    , images/synthetic/separate/3D_combination/easy/question_0897_A3.png
The two images above show a 3D structure from different angles. Which one of the options below could be constructed to appear the same as both given views when observed from the corresponding perspectives without rotation and overlaps? Select the most likely one., "A, B, C, D"      , D     , 3D Combination  , images/synthetic/merged/3D_combination/easy/merged_question_0225.png             , easy      , synthetic, Extrinsic-Dynamic, images/synthetic/separate/3D_combination/easy/question_0225_Q.png     , images/synthetic/separate/3D_combination/easy/question_0225_Q_opposite.png  ,                                                                       , images/synthetic/separate/3D_combination/easy/question_0225_A0.png    , images/synthetic/separate/3D_combination/easy/question_0225_A1.png    , images/synthetic/separate/3D_combination/easy/question_0225_A2.png    , images/synthetic/separate/3D_combination/easy/question_0225_A3.png
The two images above show a 3D structure from different angles. Which one of the options below could be constructed to appear the same as both given views when observed from the corresponding perspectives without rotation and overlaps? Select the most likely one., "A, B, C, D"      , C     , 3D Combination  , images/synthetic/merged/3D_combination/easy/merged_question_0799.png             , easy      , synthetic, Extrinsic-Dynamic, images/synthetic/separate/3D_combination/easy/question_0799_Q.png     , images/synthetic/separate/3D_combination/easy/question_0799_Q_opposite.png  ,                                                                       , images/synthetic/separate/3D_combination/easy/question_0799_A0.png    , images/synthetic/separate/3D_combination/easy/question_0799_A1.png    , images/synthetic/separate/3D_combination/easy/question_0799_A2.png    , images/synthetic/separate/3D_combination/easy/question_0799_A3.png
The two images above show a 3D structure from different angles. Which one of the options below could be constructed to appear the same as both given views when observed from the corresponding perspectives without rotation and overlaps? Select the most likely one., "A, B, C, D"      , B     , 3D Combination  , images/synthetic/merged/3D_combination/easy/merged_question_0508.png             , easy      , synthetic, Extrinsic-Dynamic, images/synthetic/separate/3D_combination/easy/question_0508_Q.png     , images/synthetic/separate/3D_combination/easy/question_0508_Q_opposite.png  ,                                                                       , images/synthetic/separate/3D_combination/easy/question_0508_A0.png    , images/synthetic/separate/3D_combination/easy/question_0508_A1.png    , images/synthetic/separate/3D_combination/easy/question_0508_A2.png    , images/synthetic/separate/3D_combination/easy/question_0508_A3.png
"Given the two perspectives of a 3D object shown above, choose the option below that can be combined to form a structure consistent with both views without rotation and overlaps. Select the most likely one."                                                        , "A, B, C, D"      , D     , 3D Combination  , images/synthetic/merged/3D_combination/hard/merged_question_0714.png             , hard      , synthetic, Extrinsic-Dynamic, images/synthetic/separate/3D_combination/hard/question_0714_Q.png     , images/synthetic/separate/3D_combination/hard/question_0714_Q_opposite.png  ,                                                                       , images/synthetic/separate/3D_combination/hard/question_0714_A0.png    , images/synthetic/separate/3D_combination/hard/question_0714_A1.png    , images/synthetic/separate/3D_combination/hard/question_0714_A2.png    , images/synthetic/separate/3D_combination/hard/question_0714_A3.png
The two images above show a 3D structure from different angles. Which one of the options below could be constructed to appear the same as both given views when observed from the corresponding perspectives without rotation and overlaps? Select the most likely one., "A, B, C, D"      , A     , 3D Combination  , images/synthetic/merged/3D_combination/hard/merged_question_0555.png             , hard      , synthetic, Extrinsic-Dynamic, images/synthetic/separate/3D_combination/hard/question_0555_Q.png     , images/synthetic/separate/3D_combination/hard/question_0555_Q_opposite.png  ,                                                                       , images/synthetic/separate/3D_combination/hard/question_0555_A0.png    , images/synthetic/separate/3D_combination/hard/question_0555_A1.png    , images/synthetic/separate/3D_combination/hard/question_0555_A2.png    , images/synthetic/separate/3D_combination/hard/question_0555_A3.png
The two images above show a 3D structure from different angles. Which one of the options below could be constructed to appear the same as both given views when observed from the corresponding perspectives without rotation and overlaps? Select the most likely one., "A, B, C, D"      , D     , 3D Combination  , images/synthetic/merged/3D_combination/hard/merged_question_0514.png             , hard      , synthetic, Extrinsic-Dynamic, images/synthetic/separate/3D_combination/hard/question_0514_Q.png     , images/synthetic/separate/3D_combination/hard/question_0514_Q_opposite.png  ,                                                                       , images/synthetic/separate/3D_combination/hard/question_0514_A0.png    , images/synthetic/separate/3D_combination/hard/question_0514_A1.png    , images/synthetic/separate/3D_combination/hard/question_0514_A2.png    , images/synthetic/separate/3D_combination/hard/question_0514_A3.png
The two images above show a 3D structure from different angles. Which one of the options below could be constructed to appear the same as both given views when observed from the corresponding perspectives without rotation and overlaps? Select the most likely one., "A, B, C, D"      , C     , 3D Combination  , images/synthetic/merged/3D_combination/hard/merged_question_0203.png             , hard      , synthetic, Extrinsic-Dynamic, images/synthetic/separate/3D_combination/hard/question_0203_Q.png     , images/synthetic/separate/3D_combination/hard/question_0203_Q_opposite.png  ,                                                                       , images/synthetic/separate/3D_combination/hard/question_0203_A0.png    , images/synthetic/separate/3D_combination/hard/question_0203_A1.png    , images/synthetic/separate/3D_combination/hard/question_0203_A2.png    , images/synthetic/separate/3D_combination/hard/question_0203_A3.png
The two images above show a 3D structure from different angles. Which one of the options below could be constructed to appear the same as both given views when observed from the corresponding perspectives without rotation and overlaps? Select the most likely one., "A, B, C, D"      , A     , 3D Combination  , images/synthetic/merged/3D_combination/hard/merged_question_0973.png             , hard      , synthetic, Extrinsic-Dynamic, images/synthetic/separate/3D_combination/hard/question_0973_Q.png     , images/synthetic/separate/3D_combination/hard/question_0973_Q_opposite.png  ,                                                                       , images/synthetic/separate/3D_combination/hard/question_0973_A0.png    , images/synthetic/separate/3D_combination/hard/question_0973_A1.png    , images/synthetic/separate/3D_combination/hard/question_0973_A2.png    , images/synthetic/separate/3D_combination/hard/question_0973_A3.png
The two images above show a 3D structure from different angles. Which one of the options below could be constructed to appear the same as both given views when observed from the corresponding perspectives without rotation and overlaps? Select the most likely one., "A, B, C, D"      , C     , 3D Combination  , images/synthetic/merged/3D_combination/hard/merged_question_0846.png             , hard      , synthetic, Extrinsic-Dynamic, images/synthetic/separate/3D_combination/hard/question_0846_Q.png     , images/synthetic/separate/3D_combination/hard/question_0846_Q_opposite.png  ,                                                                       , images/synthetic/separate/3D_combination/hard/question_0846_A0.png    , images/synthetic/separate/3D_combination/hard/question_0846_A1.png    , images/synthetic/separate/3D_combination/hard/question_0846_A2.png    , images/synthetic/separate/3D_combination/hard/question_0846_A3.png
The two views above show the same 3D structure from different perspectives. Which option below could be combined to form the same structure as shown in both views without rotation and overlaps? Select the most likely one.                                          , "A, B, C, D"      , D     , 3D Combination  , images/synthetic/merged/3D_combination/hard/merged_question_0690.png             , hard      , synthetic, Extrinsic-Dynamic, images/synthetic/separate/3D_combination/hard/question_0690_Q.png     , images/synthetic/separate/3D_combination/hard/question_0690_Q_opposite.png  ,                                                                       , images/synthetic/separate/3D_combination/hard/question_0690_A0.png    , images/synthetic/separate/3D_combination/hard/question_0690_A1.png    , images/synthetic/separate/3D_combination/hard/question_0690_A2.png    , images/synthetic/separate/3D_combination/hard/question_0690_A3.png
The two views above show the same 3D structure from different perspectives. Which option below could be combined to form the same structure as shown in both views without rotation and overlaps? Select the most likely one.                                          , "A, B, C, D"      , A     , 3D Combination  , images/synthetic/merged/3D_combination/hard/merged_question_0536.png             , hard      , synthetic, Extrinsic-Dynamic, images/synthetic/separate/3D_combination/hard/question_0536_Q.png     , images/synthetic/separate/3D_combination/hard/question_0536_Q_opposite.png  ,                                                                       , images/synthetic/separate/3D_combination/hard/question_0536_A0.png    , images/synthetic/separate/3D_combination/hard/question_0536_A1.png    , images/synthetic/separate/3D_combination/hard/question_0536_A2.png    , images/synthetic/separate/3D_combination/hard/question_0536_A3.png
"Given the two perspectives of a 3D object shown above, choose the option below that can be combined to form a structure consistent with both views without rotation and overlaps. Select the most likely one."                                                        , "A, B, C, D"      , C     , 3D Combination  , images/synthetic/merged/3D_combination/hard/merged_question_0633.png             , hard      , synthetic, Extrinsic-Dynamic, images/synthetic/separate/3D_combination/hard/question_0633_Q.png     , images/synthetic/separate/3D_combination/hard/question_0633_Q_opposite.png  ,                                                                       , images/synthetic/separate/3D_combination/hard/question_0633_A0.png    , images/synthetic/separate/3D_combination/hard/question_0633_A1.png    , images/synthetic/separate/3D_combination/hard/question_0633_A2.png    , images/synthetic/separate/3D_combination/hard/question_0633_A3.png
The two views above show the same 3D structure from different perspectives. Which option below could be combined to form the same structure as shown in both views without rotation and overlaps? Select the most likely one.                                          , "A, B, C, D"      , B     , 3D Combination  , images/synthetic/merged/3D_combination/hard/merged_question_0787.png             , hard      , synthetic, Extrinsic-Dynamic, images/synthetic/separate/3D_combination/hard/question_0787_Q.png     , images/synthetic/separate/3D_combination/hard/question_0787_Q_opposite.png  ,                                                                       , images/synthetic/separate/3D_combination/hard/question_0787_A0.png    , images/synthetic/separate/3D_combination/hard/question_0787_A1.png    , images/synthetic/separate/3D_combination/hard/question_0787_A2.png    , images/synthetic/separate/3D_combination/hard/question_0787_A3.png
The two images above show a 3D structure from different angles. Which one of the options below could be constructed to appear the same as both given views when observed from the corresponding perspectives without rotation and overlaps? Select the most likely one., "A, B, C, D"      , C     , 3D Combination  , images/synthetic/merged/3D_combination/hard/merged_question_0623.png             , hard      , synthetic, Extrinsic-Dynamic, images/synthetic/separate/3D_combination/hard/question_0623_Q.png     , images/synthetic/separate/3D_combination/hard/question_0623_Q_opposite.png  ,                                                                       , images/synthetic/separate/3D_combination/hard/question_0623_A0.png    , images/synthetic/separate/3D_combination/hard/question_0623_A1.png    , images/synthetic/separate/3D_combination/hard/question_0623_A2.png    , images/synthetic/separate/3D_combination/hard/question_0623_A3.png
"Given the two perspectives of a 3D object shown above, choose the option below that can be combined to form a structure consistent with both views without rotation and overlaps. Select the most likely one."                                                        , "A, B, C, D"      , D     , 3D Combination  , images/synthetic/merged/3D_combination/medium/merged_question_0984.png           , medium    , synthetic, Extrinsic-Dynamic, images/synthetic/separate/3D_combination/medium/question_0984_Q.png   , images/synthetic/separate/3D_combination/medium/question_0984_Q_opposite.png,                                                                       , images/synthetic/separate/3D_combination/medium/question_0984_A0.png  , images/synthetic/separate/3D_combination/medium/question_0984_A1.png  , images/synthetic/separate/3D_combination/medium/question_0984_A2.png  , images/synthetic/separate/3D_combination/medium/question_0984_A3.png
"Given the two perspectives of a 3D object shown above, choose the option below that can be combined to form a structure consistent with both views without rotation and overlaps. Select the most likely one."                                                        , "A, B, C, D"      , C     , 3D Combination  , images/synthetic/merged/3D_combination/medium/merged_question_0911.png           , medium    , synthetic, Extrinsic-Dynamic, images/synthetic/separate/3D_combination/medium/question_0911_Q.png   , images/synthetic/separate/3D_combination/medium/question_0911_Q_opposite.png,                                                                       , images/synthetic/separate/3D_combination/medium/question_0911_A0.png  , images/synthetic/separate/3D_combination/medium/question_0911_A1.png  , images/synthetic/separate/3D_combination/medium/question_0911_A2.png  , images/synthetic/separate/3D_combination/medium/question_0911_A3.png
"Given the two perspectives of a 3D object shown above, choose the option below that can be combined to form a structure consistent with both views without rotation and overlaps. Select the most likely one."                                                        , "A, B, C, D"      , B     , 3D Combination  , images/synthetic/merged/3D_combination/medium/merged_question_0983.png           , medium    , synthetic, Extrinsic-Dynamic, images/synthetic/separate/3D_combination/medium/question_0983_Q.png   , images/synthetic/separate/3D_combination/medium/question_0983_Q_opposite.png,                                                                       , images/synthetic/separate/3D_combination/medium/question_0983_A0.png  , images/synthetic/separate/3D_combination/medium/question_0983_A1.png  , images/synthetic/separate/3D_combination/medium/question_0983_A2.png  , images/synthetic/separate/3D_combination/medium/question_0983_A3.png
The two images above show a 3D structure from different angles. Which one of the options below could be constructed to appear the same as both given views when observed from the corresponding perspectives without rotation and overlaps? Select the most likely one., "A, B, C, D"      , A     , 3D Combination  , images/synthetic/merged/3D_combination/medium/merged_question_0933.png           , medium    , synthetic, Extrinsic-Dynamic, images/synthetic/separate/3D_combination/medium/question_0933_Q.png   , images/synthetic/separate/3D_combination/medium/question_0933_Q_opposite.png,                                                                       , images/synthetic/separate/3D_combination/medium/question_0933_A0.png  , images/synthetic/separate/3D_combination/medium/question_0933_A1.png  , images/synthetic/separate/3D_combination/medium/question_0933_A2.png  , images/synthetic/separate/3D_combination/medium/question_0933_A3.png
"Given the two perspectives of a 3D object shown above, choose the option below that can be combined to form a structure consistent with both views without rotation and overlaps. Select the most likely one."                                                        , "A, B, C, D"      , D     , 3D Combination  , images/synthetic/merged/3D_combination/medium/merged_question_0739.png           , medium    , synthetic, Extrinsic-Dynamic, images/synthetic/separate/3D_combination/medium/question_0739_Q.png   , images/synthetic/separate/3D_combination/medium/question_0739_Q_opposite.png,                                                                       , images/synthetic/separate/3D_combination/medium/question_0739_A0.png  , images/synthetic/separate/3D_combination/medium/question_0739_A1.png  , images/synthetic/separate/3D_combination/medium/question_0739_A2.png  , images/synthetic/separate/3D_combination/medium/question_0739_A3.png
The two images above show a 3D structure from different angles. Which one of the options below could be constructed to appear the same as both given views when observed from the corresponding perspectives without rotation and overlaps? Select the most likely one., "A, B, C, D"      , D     , 3D Combination  , images/synthetic/merged/3D_combination/medium/merged_question_0963.png           , medium    , synthetic, Extrinsic-Dynamic, images/synthetic/separate/3D_combination/medium/question_0963_Q.png   , images/synthetic/separate/3D_combination/medium/question_0963_Q_opposite.png,                                                                       , images/synthetic/separate/3D_combination/medium/question_0963_A0.png  , images/synthetic/separate/3D_combination/medium/question_0963_A1.png  , images/synthetic/separate/3D_combination/medium/question_0963_A2.png  , images/synthetic/separate/3D_combination/medium/question_0963_A3.png
The two images above show a 3D structure from different angles. Which one of the options below could be constructed to appear the same as both given views when observed from the corresponding perspectives without rotation and overlaps? Select the most likely one., "A, B, C, D"      , C     , 3D Combination  , images/synthetic/merged/3D_combination/medium/merged_question_0846.png           , medium    , synthetic, Extrinsic-Dynamic, images/synthetic/separate/3D_combination/medium/question_0846_Q.png   , images/synthetic/separate/3D_combination/medium/question_0846_Q_opposite.png,                                                                       , images/synthetic/separate/3D_combination/medium/question_0846_A0.png  , images/synthetic/separate/3D_combination/medium/question_0846_A1.png  , images/synthetic/separate/3D_combination/medium/question_0846_A2.png  , images/synthetic/separate/3D_combination/medium/question_0846_A3.png
The two views above show the same 3D structure from different perspectives. Which option below could be combined to form the same structure as shown in both views without rotation and overlaps? Select the most likely one.                                          , "A, B, C, D"      , C     , 3D Combination  , images/synthetic/merged/3D_combination/medium/merged_question_0485.png           , medium    , synthetic, Extrinsic-Dynamic, images/synthetic/separate/3D_combination/medium/question_0485_Q.png   , images/synthetic/separate/3D_combination/medium/question_0485_Q_opposite.png,                                                                       , images/synthetic/separate/3D_combination/medium/question_0485_A0.png  , images/synthetic/separate/3D_combination/medium/question_0485_A1.png  , images/synthetic/separate/3D_combination/medium/question_0485_A2.png  , images/synthetic/separate/3D_combination/medium/question_0485_A3.png
The two views above show the same 3D structure from different perspectives. Which option below could be combined to form the same structure as shown in both views without rotation and overlaps? Select the most likely one.                                          , "A, B, C, D"      , D     , 3D Combination  , images/synthetic/merged/3D_combination/medium/merged_question_0273.png           , medium    , synthetic, Extrinsic-Dynamic, images/synthetic/separate/3D_combination/medium/question_0273_Q.png   , images/synthetic/separate/3D_combination/medium/question_0273_Q_opposite.png,                                                                       , images/synthetic/separate/3D_combination/medium/question_0273_A0.png  , images/synthetic/separate/3D_combination/medium/question_0273_A1.png  , images/synthetic/separate/3D_combination/medium/question_0273_A2.png  , images/synthetic/separate/3D_combination/medium/question_0273_A3.png
The two images above show a 3D structure from different angles. Which one of the options below could be constructed to appear the same as both given views when observed from the corresponding perspectives without rotation and overlaps? Select the most likely one., "A, B, C, D"      , D     , 3D Combination  , images/synthetic/merged/3D_combination/medium/merged_question_0483.png           , medium    , synthetic, Extrinsic-Dynamic, images/synthetic/separate/3D_combination/medium/question_0483_Q.png   , images/synthetic/separate/3D_combination/medium/question_0483_Q_opposite.png,                                                                       , images/synthetic/separate/3D_combination/medium/question_0483_A0.png  , images/synthetic/separate/3D_combination/medium/question_0483_A1.png  , images/synthetic/separate/3D_combination/medium/question_0483_A2.png  , images/synthetic/separate/3D_combination/medium/question_0483_A3.png
"Given the two perspectives of a 3D object shown above, choose the option below that can be combined to form a structure consistent with both views without rotation and overlaps. Select the most likely one."                                                        , "A, B, C, D"      , C     , 3D Combination  , images/synthetic/merged/3D_combination/medium/merged_question_0890.png           , medium    , synthetic, Extrinsic-Dynamic, images/synthetic/separate/3D_combination/medium/question_0890_Q.png   , images/synthetic/separate/3D_combination/medium/question_0890_Q_opposite.png,                                                                       , images/synthetic/separate/3D_combination/medium/question_0890_A0.png  , images/synthetic/separate/3D_combination/medium/question_0890_A1.png  , images/synthetic/separate/3D_combination/medium/question_0890_A2.png  , images/synthetic/separate/3D_combination/medium/question_0890_A3.png
"Given the two perspectives of a 3D object shown above, choose the option below that can be combined to form a structure consistent with both views without rotation and overlaps. Select the most likely one."                                                        , "A, B, C, D"      , A     , 3D Combination  , images/synthetic/merged/3D_combination/medium/merged_question_0269.png           , medium    , synthetic, Extrinsic-Dynamic, images/synthetic/separate/3D_combination/medium/question_0269_Q.png   , images/synthetic/separate/3D_combination/medium/question_0269_Q_opposite.png,                                                                       , images/synthetic/separate/3D_combination/medium/question_0269_A0.png  , images/synthetic/separate/3D_combination/medium/question_0269_A1.png  , images/synthetic/separate/3D_combination/medium/question_0269_A2.png  , images/synthetic/separate/3D_combination/medium/question_0269_A3.png
"Given the two perspectives of a 3D object shown above, choose the option below that can be combined to form a structure consistent with both views without rotation and overlaps. Select the most likely one."                                                        , "A, B, C, D"      , B     , 3D Combination  , images/synthetic/merged/3D_combination/medium/merged_question_0630.png           , medium    , synthetic, Extrinsic-Dynamic, images/synthetic/separate/3D_combination/medium/question_0630_Q.png   , images/synthetic/separate/3D_combination/medium/question_0630_Q_opposite.png,                                                                       , images/synthetic/separate/3D_combination/medium/question_0630_A0.png  , images/synthetic/separate/3D_combination/medium/question_0630_A1.png  , images/synthetic/separate/3D_combination/medium/question_0630_A2.png  , images/synthetic/separate/3D_combination/medium/question_0630_A3.png
"Given the two perspectives of a 3D object shown above, choose the option below that can be combined to form a structure consistent with both views without rotation and overlaps. Select the most likely one."                                                        , "A, B, C, D"      , A     , 3D Combination  , images/synthetic/merged/3D_combination/medium/merged_question_0377.png           , medium    , synthetic, Extrinsic-Dynamic, images/synthetic/separate/3D_combination/medium/question_0377_Q.png   , images/synthetic/separate/3D_combination/medium/question_0377_Q_opposite.png,                                                                       , images/synthetic/separate/3D_combination/medium/question_0377_A0.png  , images/synthetic/separate/3D_combination/medium/question_0377_A1.png  , images/synthetic/separate/3D_combination/medium/question_0377_A2.png  , images/synthetic/separate/3D_combination/medium/question_0377_A3.png
The two views above show the same 3D structure from different perspectives. Which option below could be combined to form the same structure as shown in both views without rotation and overlaps? Select the most likely one.                                          , "A, B, C, D"      , A     , 3D Combination  , images/synthetic/merged/3D_combination/medium/merged_question_0726.png           , medium    , synthetic, Extrinsic-Dynamic, images/synthetic/separate/3D_combination/medium/question_0726_Q.png   , images/synthetic/separate/3D_combination/medium/question_0726_Q_opposite.png,                                                                       , images/synthetic/separate/3D_combination/medium/question_0726_A0.png  , images/synthetic/separate/3D_combination/medium/question_0726_A1.png  , images/synthetic/separate/3D_combination/medium/question_0726_A2.png  , images/synthetic/separate/3D_combination/medium/question_0726_A3.png
"The image above shows the six faces of a cube in an unfolded (net) layout. If you fold the net inward along the edges to form a cube, which option below corresponds to the resulting cube? Select the most likely one."                                              , "A, B, C, D"      , C     , 3D Folding      , images/synthetic/merged/3D_folding/easy/merged_question_0816_meta.png            , easy      , synthetic, Intrinsic-Dynamic, images/synthetic/separate/3D_folding/easy/question_0816_Q.png         ,                                                                             ,                                                                       , images/synthetic/separate/3D_folding/easy/question_0816_A0.png        , images/synthetic/separate/3D_folding/easy/question_0816_A1.png        , images/synthetic/separate/3D_folding/easy/question_0816_A2.png        , images/synthetic/separate/3D_folding/easy/question_0816_A3.png
"The figure above is a net of a cube. After folding the net inward along the edges to create a cube, which of the options below represents the resulting cube? Select the most likely one."                                                                            , "A, B, C, D"      , D     , 3D Folding      , images/synthetic/merged/3D_folding/easy/merged_question_0412_meta.png            , easy      , synthetic, Intrinsic-Dynamic, images/synthetic/separate/3D_folding/easy/question_0412_Q.png         ,                                                                             ,                                                                       , images/synthetic/separate/3D_folding/easy/question_0412_A0.png        , images/synthetic/separate/3D_folding/easy/question_0412_A1.png        , images/synthetic/separate/3D_folding/easy/question_0412_A2.png        , images/synthetic/separate/3D_folding/easy/question_0412_A3.png
"The image above shows the six faces of a cube in an unfolded (net) layout. If you fold the net inward along the edges to form a cube, which option below corresponds to the resulting cube? Select the most likely one."                                              , "A, B, C, D"      , D     , 3D Folding      , images/synthetic/merged/3D_folding/easy/merged_question_0360_meta.png            , easy      , synthetic, Intrinsic-Dynamic, images/synthetic/separate/3D_folding/easy/question_0360_Q.png         ,                                                                             ,                                                                       , images/synthetic/separate/3D_folding/easy/question_0360_A0.png        , images/synthetic/separate/3D_folding/easy/question_0360_A1.png        , images/synthetic/separate/3D_folding/easy/question_0360_A2.png        , images/synthetic/separate/3D_folding/easy/question_0360_A3.png
"The image above shows the six faces of a cube in an unfolded (net) layout. If you fold the net inward along the edges to form a cube, which option below corresponds to the resulting cube? Select the most likely one."                                              , "A, B, C, D"      , C     , 3D Folding      , images/synthetic/merged/3D_folding/easy/merged_question_0682_meta.png            , easy      , synthetic, Intrinsic-Dynamic, images/synthetic/separate/3D_folding/easy/question_0682_Q.png         ,                                                                             ,                                                                       , images/synthetic/separate/3D_folding/easy/question_0682_A0.png        , images/synthetic/separate/3D_folding/easy/question_0682_A1.png        , images/synthetic/separate/3D_folding/easy/question_0682_A2.png        , images/synthetic/separate/3D_folding/easy/question_0682_A3.png
"The figure above is a net of a cube. After folding the net inward along the edges to create a cube, which of the options below represents the resulting cube? Select the most likely one."                                                                            , "A, B, C, D"      , C     , 3D Folding      , images/synthetic/merged/3D_folding/easy/merged_question_0613_meta.png            , easy      , synthetic, Intrinsic-Dynamic, images/synthetic/separate/3D_folding/easy/question_0613_Q.png         ,                                                                             ,                                                                       , images/synthetic/separate/3D_folding/easy/question_0613_A0.png        , images/synthetic/separate/3D_folding/easy/question_0613_A1.png        , images/synthetic/separate/3D_folding/easy/question_0613_A2.png        , images/synthetic/separate/3D_folding/easy/question_0613_A3.png
"The image above shows the six faces of a cube in an unfolded (net) layout. If you fold the net inward along the edges to form a cube, which option below corresponds to the resulting cube? Select the most likely one."                                              , "A, B, C, D"      , B     , 3D Folding      , images/synthetic/merged/3D_folding/easy/merged_question_0984_meta.png            , easy      , synthetic, Intrinsic-Dynamic, images/synthetic/separate/3D_folding/easy/question_0984_Q.png         ,                                                                             ,                                                                       , images/synthetic/separate/3D_folding/easy/question_0984_A0.png        , images/synthetic/separate/3D_folding/easy/question_0984_A1.png        , images/synthetic/separate/3D_folding/easy/question_0984_A2.png        , images/synthetic/separate/3D_folding/easy/question_0984_A3.png
"The image above shows the six faces of a cube in an unfolded (net) layout. If you fold the net inward along the edges to form a cube, which option below corresponds to the resulting cube? Select the most likely one."                                              , "A, B, C, D"      , B     , 3D Folding      , images/synthetic/merged/3D_folding/easy/merged_question_0404_meta.png            , easy      , synthetic, Intrinsic-Dynamic, images/synthetic/separate/3D_folding/easy/question_0404_Q.png         ,                                                                             ,                                                                       , images/synthetic/separate/3D_folding/easy/question_0404_A0.png        , images/synthetic/separate/3D_folding/easy/question_0404_A1.png        , images/synthetic/separate/3D_folding/easy/question_0404_A2.png        , images/synthetic/separate/3D_folding/easy/question_0404_A3.png
"The image above shows the six faces of a cube in an unfolded (net) layout. If you fold the net inward along the edges to form a cube, which option below corresponds to the resulting cube? Select the most likely one."                                              , "A, B, C, D"      , A     , 3D Folding      , images/synthetic/merged/3D_folding/easy/merged_question_0833_meta.png            , easy      , synthetic, Intrinsic-Dynamic, images/synthetic/separate/3D_folding/easy/question_0833_Q.png         ,                                                                             ,                                                                       , images/synthetic/separate/3D_folding/easy/question_0833_A0.png        , images/synthetic/separate/3D_folding/easy/question_0833_A1.png        , images/synthetic/separate/3D_folding/easy/question_0833_A2.png        , images/synthetic/separate/3D_folding/easy/question_0833_A3.png
"The figure above is a net of a cube. After folding the net inward along the edges to create a cube, which of the options below represents the resulting cube? Select the most likely one."                                                                            , "A, B, C, D"      , C     , 3D Folding      , images/synthetic/merged/3D_folding/easy/merged_question_0508_meta.png            , easy      , synthetic, Intrinsic-Dynamic, images/synthetic/separate/3D_folding/easy/question_0508_Q.png         ,                                                                             ,                                                                       , images/synthetic/separate/3D_folding/easy/question_0508_A0.png        , images/synthetic/separate/3D_folding/easy/question_0508_A1.png        , images/synthetic/separate/3D_folding/easy/question_0508_A2.png        , images/synthetic/separate/3D_folding/easy/question_0508_A3.png
"The image above shows the six faces of a cube in an unfolded (net) layout. If you fold the net inward along the edges to form a cube, which option below corresponds to the resulting cube? Select the most likely one."                                              , "A, B, C, D"      , C     , 3D Folding      , images/synthetic/merged/3D_folding/easy/merged_question_0319_meta.png            , easy      , synthetic, Intrinsic-Dynamic, images/synthetic/separate/3D_folding/easy/question_0319_Q.png         ,                                                                             ,                                                                       , images/synthetic/separate/3D_folding/easy/question_0319_A0.png        , images/synthetic/separate/3D_folding/easy/question_0319_A1.png        , images/synthetic/separate/3D_folding/easy/question_0319_A2.png        , images/synthetic/separate/3D_folding/easy/question_0319_A3.png
"The figure above is a net of a cube. After folding the net inward along the edges to create a cube, which of the options below represents the resulting cube? Select the most likely one."                                                                            , "A, B, C, D"      , A     , 3D Folding      , images/synthetic/merged/3D_folding/easy/merged_question_0473_meta.png            , easy      , synthetic, Intrinsic-Dynamic, images/synthetic/separate/3D_folding/easy/question_0473_Q.png         ,                                                                             ,                                                                       , images/synthetic/separate/3D_folding/easy/question_0473_A0.png        , images/synthetic/separate/3D_folding/easy/question_0473_A1.png        , images/synthetic/separate/3D_folding/easy/question_0473_A2.png        , images/synthetic/separate/3D_folding/easy/question_0473_A3.png
"The figure above is a net of a cube. After folding the net inward along the edges to create a cube, which of the options below represents the resulting cube? Select the most likely one."                                                                            , "A, B, C, D"      , D     , 3D Folding      , images/synthetic/merged/3D_folding/easy/merged_question_0346_meta.png            , easy      , synthetic, Intrinsic-Dynamic, images/synthetic/separate/3D_folding/easy/question_0346_Q.png         ,                                                                             ,                                                                       , images/synthetic/separate/3D_folding/easy/question_0346_A0.png        , images/synthetic/separate/3D_folding/easy/question_0346_A1.png        , images/synthetic/separate/3D_folding/easy/question_0346_A2.png        , images/synthetic/separate/3D_folding/easy/question_0346_A3.png
"The figure above is a net of a cube. After folding the net inward along the edges to create a cube, which of the options below represents the resulting cube? Select the most likely one."                                                                            , "A, B, C, D"      , B     , 3D Folding      , images/synthetic/merged/3D_folding/easy/merged_question_0343_meta.png            , easy      , synthetic, Intrinsic-Dynamic, images/synthetic/separate/3D_folding/easy/question_0343_Q.png         ,                                                                             ,                                                                       , images/synthetic/separate/3D_folding/easy/question_0343_A0.png        , images/synthetic/separate/3D_folding/easy/question_0343_A1.png        , images/synthetic/separate/3D_folding/easy/question_0343_A2.png        , images/synthetic/separate/3D_folding/easy/question_0343_A3.png
"The image above shows the six faces of a cube in an unfolded (net) layout. If you fold the net inward along the edges to form a cube, which option below corresponds to the resulting cube? Select the most likely one."                                              , "A, B, C, D"      , D     , 3D Folding      , images/synthetic/merged/3D_folding/easy/merged_question_0616_meta.png            , easy      , synthetic, Intrinsic-Dynamic, images/synthetic/separate/3D_folding/easy/question_0616_Q.png         ,                                                                             ,                                                                       , images/synthetic/separate/3D_folding/easy/question_0616_A0.png        , images/synthetic/separate/3D_folding/easy/question_0616_A1.png        , images/synthetic/separate/3D_folding/easy/question_0616_A2.png        , images/synthetic/separate/3D_folding/easy/question_0616_A3.png
"The figure above is a net of a cube. After folding the net inward along the edges to create a cube, which of the options below represents the resulting cube? Select the most likely one."                                                                            , "A, B, C, D"      , D     , 3D Folding      , images/synthetic/merged/3D_folding/easy/merged_question_0337_meta.png            , easy      , synthetic, Intrinsic-Dynamic, images/synthetic/separate/3D_folding/easy/question_0337_Q.png         ,                                                                             ,                                                                       , images/synthetic/separate/3D_folding/easy/question_0337_A0.png        , images/synthetic/separate/3D_folding/easy/question_0337_A1.png        , images/synthetic/separate/3D_folding/easy/question_0337_A2.png        , images/synthetic/separate/3D_folding/easy/question_0337_A3.png
"The image above shows the six faces of a cube in an unfolded (net) layout. If you fold the net inward along the edges to form a cube, which option below corresponds to the resulting cube? Select the most likely one."                                              , "A, B, C, D"      , D     , 3D Folding      , images/synthetic/merged/3D_folding/easy/merged_question_0205_meta.png            , easy      , synthetic, Intrinsic-Dynamic, images/synthetic/separate/3D_folding/easy/question_0205_Q.png         ,                                                                             ,                                                                       , images/synthetic/separate/3D_folding/easy/question_0205_A0.png        , images/synthetic/separate/3D_folding/easy/question_0205_A1.png        , images/synthetic/separate/3D_folding/easy/question_0205_A2.png        , images/synthetic/separate/3D_folding/easy/question_0205_A3.png
"The figure above is a net of a cube. After folding the net inward along the edges to create a cube, which of the options below represents the resulting cube? Select the most likely one."                                                                            , "A, B, C, D"      , D     , 3D Folding      , images/synthetic/merged/3D_folding/easy/merged_question_0260_meta.png            , easy      , synthetic, Intrinsic-Dynamic, images/synthetic/separate/3D_folding/easy/question_0260_Q.png         ,                                                                             ,                                                                       , images/synthetic/separate/3D_folding/easy/question_0260_A0.png        , images/synthetic/separate/3D_folding/easy/question_0260_A1.png        , images/synthetic/separate/3D_folding/easy/question_0260_A2.png        , images/synthetic/separate/3D_folding/easy/question_0260_A3.png
"The image above shows the six faces of a cube in an unfolded (net) layout. If you fold the net inward along the edges to form a cube, which option below corresponds to the resulting cube? Select the most likely one."                                              , "A, B, C, D"      , A     , 3D Folding      , images/synthetic/merged/3D_folding/easy/merged_question_0423_meta.png            , easy      , synthetic, Intrinsic-Dynamic, images/synthetic/separate/3D_folding/easy/question_0423_Q.png         ,                                                                             ,                                                                       , images/synthetic/separate/3D_folding/easy/question_0423_A0.png        , images/synthetic/separate/3D_folding/easy/question_0423_A1.png        , images/synthetic/separate/3D_folding/easy/question_0423_A2.png        , images/synthetic/separate/3D_folding/easy/question_0423_A3.png
"The image above shows the six faces of a cube in an unfolded (net) layout. If you fold the net inward along the edges to form a cube, which option below corresponds to the resulting cube? Select the most likely one."                                              , "A, B, C, D"      , C     , 3D Folding      , images/synthetic/merged/3D_folding/easy/merged_question_0418_meta.png            , easy      , synthetic, Intrinsic-Dynamic, images/synthetic/separate/3D_folding/easy/question_0418_Q.png         ,                                                                             ,                                                                       , images/synthetic/separate/3D_folding/easy/question_0418_A0.png        , images/synthetic/separate/3D_folding/easy/question_0418_A1.png        , images/synthetic/separate/3D_folding/easy/question_0418_A2.png        , images/synthetic/separate/3D_folding/easy/question_0418_A3.png
"The image above shows the six faces of a cube in an unfolded (net) layout. If you fold the net inward along the edges to form a cube, which option below corresponds to the resulting cube? Select the most likely one."                                              , "A, B, C, D"      , C     , 3D Folding      , images/synthetic/merged/3D_folding/easy/merged_question_0969_meta.png            , easy      , synthetic, Intrinsic-Dynamic, images/synthetic/separate/3D_folding/easy/question_0969_Q.png         ,                                                                             ,                                                                       , images/synthetic/separate/3D_folding/easy/question_0969_A0.png        , images/synthetic/separate/3D_folding/easy/question_0969_A1.png        , images/synthetic/separate/3D_folding/easy/question_0969_A2.png        , images/synthetic/separate/3D_folding/easy/question_0969_A3.png
"The figure above is a net of a cube. After folding the net inward along the edges to create a cube, which of the options below represents the resulting cube? Select the most likely one."                                                                            , "A, B, C, D"      , A     , 3D Folding      , images/synthetic/merged/3D_folding/hard/merged_question_0762_meta.png            , hard      , synthetic, Intrinsic-Dynamic, images/synthetic/separate/3D_folding/hard/question_0762_Q.png         ,                                                                             ,                                                                       , images/synthetic/separate/3D_folding/hard/question_0762_A0.png        , images/synthetic/separate/3D_folding/hard/question_0762_A1.png        , images/synthetic/separate/3D_folding/hard/question_0762_A2.png        , images/synthetic/separate/3D_folding/hard/question_0762_A3.png
"The image above shows the six faces of a cube in an unfolded (net) layout. If you fold the net inward along the edges to form a cube, which option below corresponds to the resulting cube? Select the most likely one."                                              , "A, B, C, D"      , A     , 3D Folding      , images/synthetic/merged/3D_folding/hard/merged_question_0423_meta.png            , hard      , synthetic, Intrinsic-Dynamic, images/synthetic/separate/3D_folding/hard/question_0423_Q.png         ,                                                                             ,                                                                       , images/synthetic/separate/3D_folding/hard/question_0423_A0.png        , images/synthetic/separate/3D_folding/hard/question_0423_A1.png        , images/synthetic/separate/3D_folding/hard/question_0423_A2.png        , images/synthetic/separate/3D_folding/hard/question_0423_A3.png
"The image above shows the six faces of a cube in an unfolded (net) layout. If you fold the net inward along the edges to form a cube, which option below corresponds to the resulting cube? Select the most likely one."                                              , "A, B, C, D"      , A     , 3D Folding      , images/synthetic/merged/3D_folding/hard/merged_question_0355_meta.png            , hard      , synthetic, Intrinsic-Dynamic, images/synthetic/separate/3D_folding/hard/question_0355_Q.png         ,                                                                             ,                                                                       , images/synthetic/separate/3D_folding/hard/question_0355_A0.png        , images/synthetic/separate/3D_folding/hard/question_0355_A1.png        , images/synthetic/separate/3D_folding/hard/question_0355_A2.png        , images/synthetic/separate/3D_folding/hard/question_0355_A3.png
"The figure above is a net of a cube. After folding the net inward along the edges to create a cube, which of the options below represents the resulting cube? Select the most likely one."                                                                            , "A, B, C, D"      , B     , 3D Folding      , images/synthetic/merged/3D_folding/hard/merged_question_0911_meta.png            , hard      , synthetic, Intrinsic-Dynamic, images/synthetic/separate/3D_folding/hard/question_0911_Q.png         ,                                                                             ,                                                                       , images/synthetic/separate/3D_folding/hard/question_0911_A0.png        , images/synthetic/separate/3D_folding/hard/question_0911_A1.png        , images/synthetic/separate/3D_folding/hard/question_0911_A2.png        , images/synthetic/separate/3D_folding/hard/question_0911_A3.png
"The figure above is a net of a cube. After folding the net inward along the edges to create a cube, which of the options below represents the resulting cube? Select the most likely one."                                                                            , "A, B, C, D"      , C     , 3D Folding      , images/synthetic/merged/3D_folding/hard/merged_question_0333_meta.png            , hard      , synthetic, Intrinsic-Dynamic, images/synthetic/separate/3D_folding/hard/question_0333_Q.png         ,                                                                             ,                                                                       , images/synthetic/separate/3D_folding/hard/question_0333_A0.png        , images/synthetic/separate/3D_folding/hard/question_0333_A1.png        , images/synthetic/separate/3D_folding/hard/question_0333_A2.png        , images/synthetic/separate/3D_folding/hard/question_0333_A3.png
"The figure above is a net of a cube. After folding the net inward along the edges to create a cube, which of the options below represents the resulting cube? Select the most likely one."                                                                            , "A, B, C, D"      , C     , 3D Folding      , images/synthetic/merged/3D_folding/hard/merged_question_0558_meta.png            , hard      , synthetic, Intrinsic-Dynamic, images/synthetic/separate/3D_folding/hard/question_0558_Q.png         ,                                                                             ,                                                                       , images/synthetic/separate/3D_folding/hard/question_0558_A0.png        , images/synthetic/separate/3D_folding/hard/question_0558_A1.png        , images/synthetic/separate/3D_folding/hard/question_0558_A2.png        , images/synthetic/separate/3D_folding/hard/question_0558_A3.png
"The image above shows the six faces of a cube in an unfolded (net) layout. If you fold the net inward along the edges to form a cube, which option below corresponds to the resulting cube? Select the most likely one."                                              , "A, B, C, D"      , A     , 3D Folding      , images/synthetic/merged/3D_folding/hard/merged_question_0823_meta.png            , hard      , synthetic, Intrinsic-Dynamic, images/synthetic/separate/3D_folding/hard/question_0823_Q.png         ,                                                                             ,                                                                       , images/synthetic/separate/3D_folding/hard/question_0823_A0.png        , images/synthetic/separate/3D_folding/hard/question_0823_A1.png        , images/synthetic/separate/3D_folding/hard/question_0823_A2.png        , images/synthetic/separate/3D_folding/hard/question_0823_A3.png
"The figure above is a net of a cube. After folding the net inward along the edges to create a cube, which of the options below represents the resulting cube? Select the most likely one."                                                                            , "A, B, C, D"      , D     , 3D Folding      , images/synthetic/merged/3D_folding/hard/merged_question_0565_meta.png            , hard      , synthetic, Intrinsic-Dynamic, images/synthetic/separate/3D_folding/hard/question_0565_Q.png         ,                                                                             ,                                                                       , images/synthetic/separate/3D_folding/hard/question_0565_A0.png        , images/synthetic/separate/3D_folding/hard/question_0565_A1.png        , images/synthetic/separate/3D_folding/hard/question_0565_A2.png        , images/synthetic/separate/3D_folding/hard/question_0565_A3.png
"The image above shows the six faces of a cube in an unfolded (net) layout. If you fold the net inward along the edges to form a cube, which option below corresponds to the resulting cube? Select the most likely one."                                              , "A, B, C, D"      , C     , 3D Folding      , images/synthetic/merged/3D_folding/hard/merged_question_0700_meta.png            , hard      , synthetic, Intrinsic-Dynamic, images/synthetic/separate/3D_folding/hard/question_0700_Q.png         ,                                                                             ,                                                                       , images/synthetic/separate/3D_folding/hard/question_0700_A0.png        , images/synthetic/separate/3D_folding/hard/question_0700_A1.png        , images/synthetic/separate/3D_folding/hard/question_0700_A2.png        , images/synthetic/separate/3D_folding/hard/question_0700_A3.png
"The figure above is a net of a cube. After folding the net inward along the edges to create a cube, which of the options below represents the resulting cube? Select the most likely one."                                                                            , "A, B, C, D"      , A     , 3D Folding      , images/synthetic/merged/3D_folding/hard/merged_question_0496_meta.png            , hard      , synthetic, Intrinsic-Dynamic, images/synthetic/separate/3D_folding/hard/question_0496_Q.png         ,                                                                             ,                                                                       , images/synthetic/separate/3D_folding/hard/question_0496_A0.png        , images/synthetic/separate/3D_folding/hard/question_0496_A1.png        , images/synthetic/separate/3D_folding/hard/question_0496_A2.png        , images/synthetic/separate/3D_folding/hard/question_0496_A3.png
"The image above shows the six faces of a cube in an unfolded (net) layout. If you fold the net inward along the edges to form a cube, which option below corresponds to the resulting cube? Select the most likely one."                                              , "A, B, C, D"      , D     , 3D Folding      , images/synthetic/merged/3D_folding/medium/merged_question_0420_meta.png          , medium    , synthetic, Intrinsic-Dynamic, images/synthetic/separate/3D_folding/medium/question_0420_Q.png       ,                                                                             ,                                                                       , images/synthetic/separate/3D_folding/medium/question_0420_A0.png      , images/synthetic/separate/3D_folding/medium/question_0420_A1.png      , images/synthetic/separate/3D_folding/medium/question_0420_A2.png      , images/synthetic/separate/3D_folding/medium/question_0420_A3.png
"The image above shows the six faces of a cube in an unfolded (net) layout. If you fold the net inward along the edges to form a cube, which option below corresponds to the resulting cube? Select the most likely one."                                              , "A, B, C, D"      , D     , 3D Folding      , images/synthetic/merged/3D_folding/medium/merged_question_0938_meta.png          , medium    , synthetic, Intrinsic-Dynamic, images/synthetic/separate/3D_folding/medium/question_0938_Q.png       ,                                                                             ,                                                                       , images/synthetic/separate/3D_folding/medium/question_0938_A0.png      , images/synthetic/separate/3D_folding/medium/question_0938_A1.png      , images/synthetic/separate/3D_folding/medium/question_0938_A2.png      , images/synthetic/separate/3D_folding/medium/question_0938_A3.png
"The figure above is a net of a cube. After folding the net inward along the edges to create a cube, which of the options below represents the resulting cube? Select the most likely one."                                                                            , "A, B, C, D"      , A     , 3D Folding      , images/synthetic/merged/3D_folding/medium/merged_question_0854_meta.png          , medium    , synthetic, Intrinsic-Dynamic, images/synthetic/separate/3D_folding/medium/question_0854_Q.png       ,                                                                             ,                                                                       , images/synthetic/separate/3D_folding/medium/question_0854_A0.png      , images/synthetic/separate/3D_folding/medium/question_0854_A1.png      , images/synthetic/separate/3D_folding/medium/question_0854_A2.png      , images/synthetic/separate/3D_folding/medium/question_0854_A3.png
"The image above shows the six faces of a cube in an unfolded (net) layout. If you fold the net inward along the edges to form a cube, which option below corresponds to the resulting cube? Select the most likely one."                                              , "A, B, C, D"      , D     , 3D Folding      , images/synthetic/merged/3D_folding/medium/merged_question_0281_meta.png          , medium    , synthetic, Intrinsic-Dynamic, images/synthetic/separate/3D_folding/medium/question_0281_Q.png       ,                                                                             ,                                                                       , images/synthetic/separate/3D_folding/medium/question_0281_A0.png      , images/synthetic/separate/3D_folding/medium/question_0281_A1.png      , images/synthetic/separate/3D_folding/medium/question_0281_A2.png      , images/synthetic/separate/3D_folding/medium/question_0281_A3.png
"The figure above is a net of a cube. After folding the net inward along the edges to create a cube, which of the options below represents the resulting cube? Select the most likely one."                                                                            , "A, B, C, D"      , D     , 3D Folding      , images/synthetic/merged/3D_folding/medium/merged_question_0786_meta.png          , medium    , synthetic, Intrinsic-Dynamic, images/synthetic/separate/3D_folding/medium/question_0786_Q.png       ,                                                                             ,                                                                       , images/synthetic/separate/3D_folding/medium/question_0786_A0.png      , images/synthetic/separate/3D_folding/medium/question_0786_A1.png      , images/synthetic/separate/3D_folding/medium/question_0786_A2.png      , images/synthetic/separate/3D_folding/medium/question_0786_A3.png
"The image above shows the six faces of a cube in an unfolded (net) layout. If you fold the net inward along the edges to form a cube, which option below corresponds to the resulting cube? Select the most likely one."                                              , "A, B, C, D"      , D     , 3D Folding      , images/synthetic/merged/3D_folding/medium/merged_question_0694_meta.png          , medium    , synthetic, Intrinsic-Dynamic, images/synthetic/separate/3D_folding/medium/question_0694_Q.png       ,                                                                             ,                                                                       , images/synthetic/separate/3D_folding/medium/question_0694_A0.png      , images/synthetic/separate/3D_folding/medium/question_0694_A1.png      , images/synthetic/separate/3D_folding/medium/question_0694_A2.png      , images/synthetic/separate/3D_folding/medium/question_0694_A3.png
"The figure above is a net of a cube. After folding the net inward along the edges to create a cube, which of the options below represents the resulting cube? Select the most likely one."                                                                            , "A, B, C, D"      , A     , 3D Folding      , images/synthetic/merged/3D_folding/medium/merged_question_0261_meta.png          , medium    , synthetic, Intrinsic-Dynamic, images/synthetic/separate/3D_folding/medium/question_0261_Q.png       ,                                                                             ,                                                                       , images/synthetic/separate/3D_folding/medium/question_0261_A0.png      , images/synthetic/separate/3D_folding/medium/question_0261_A1.png      , images/synthetic/separate/3D_folding/medium/question_0261_A2.png      , images/synthetic/separate/3D_folding/medium/question_0261_A3.png
"The image above shows the six faces of a cube in an unfolded (net) layout. If you fold the net inward along the edges to form a cube, which option below corresponds to the resulting cube? Select the most likely one."                                              , "A, B, C, D"      , D     , 3D Folding      , images/synthetic/merged/3D_folding/medium/merged_question_0848_meta.png          , medium    , synthetic, Intrinsic-Dynamic, images/synthetic/separate/3D_folding/medium/question_0848_Q.png       ,                                                                             ,                                                                       , images/synthetic/separate/3D_folding/medium/question_0848_A0.png      , images/synthetic/separate/3D_folding/medium/question_0848_A1.png      , images/synthetic/separate/3D_folding/medium/question_0848_A2.png      , images/synthetic/separate/3D_folding/medium/question_0848_A3.png
"The image above shows the six faces of a cube in an unfolded (net) layout. If you fold the net inward along the edges to form a cube, which option below corresponds to the resulting cube? Select the most likely one."                                              , "A, B, C, D"      , D     , 3D Folding      , images/synthetic/merged/3D_folding/medium/merged_question_0576_meta.png          , medium    , synthetic, Intrinsic-Dynamic, images/synthetic/separate/3D_folding/medium/question_0576_Q.png       ,                                                                             ,                                                                       , images/synthetic/separate/3D_folding/medium/question_0576_A0.png      , images/synthetic/separate/3D_folding/medium/question_0576_A1.png      , images/synthetic/separate/3D_folding/medium/question_0576_A2.png      , images/synthetic/separate/3D_folding/medium/question_0576_A3.png
"The image above shows the six faces of a cube in an unfolded (net) layout. If you fold the net inward along the edges to form a cube, which option below corresponds to the resulting cube? Select the most likely one."                                              , "A, B, C, D"      , A     , 3D Folding      , images/synthetic/merged/3D_folding/medium/merged_question_0327_meta.png          , medium    , synthetic, Intrinsic-Dynamic, images/synthetic/separate/3D_folding/medium/question_0327_Q.png       ,                                                                             ,                                                                       , images/synthetic/separate/3D_folding/medium/question_0327_A0.png      , images/synthetic/separate/3D_folding/medium/question_0327_A1.png      , images/synthetic/separate/3D_folding/medium/question_0327_A2.png      , images/synthetic/separate/3D_folding/medium/question_0327_A3.png
"The image above shows the six faces of a cube in an unfolded (net) layout. If you fold the net inward along the edges to form a cube, which option below corresponds to the resulting cube? Select the most likely one."                                              , "A, B, C, D"      , A     , 3D Folding      , images/synthetic/merged/3D_folding/medium/merged_question_0425_meta.png          , medium    , synthetic, Intrinsic-Dynamic, images/synthetic/separate/3D_folding/medium/question_0425_Q.png       ,                                                                             ,                                                                       , images/synthetic/separate/3D_folding/medium/question_0425_A0.png      , images/synthetic/separate/3D_folding/medium/question_0425_A1.png      , images/synthetic/separate/3D_folding/medium/question_0425_A2.png      , images/synthetic/separate/3D_folding/medium/question_0425_A3.png
"The figure above is a net of a cube. After folding the net inward along the edges to create a cube, which of the options below represents the resulting cube? Select the most likely one."                                                                            , "A, B, C, D"      , A     , 3D Folding      , images/synthetic/merged/3D_folding/medium/merged_question_0455_meta.png          , medium    , synthetic, Intrinsic-Dynamic, images/synthetic/separate/3D_folding/medium/question_0455_Q.png       ,                                                                             ,                                                                       , images/synthetic/separate/3D_folding/medium/question_0455_A0.png      , images/synthetic/separate/3D_folding/medium/question_0455_A1.png      , images/synthetic/separate/3D_folding/medium/question_0455_A2.png      , images/synthetic/separate/3D_folding/medium/question_0455_A3.png
"The figure above is a net of a cube. After folding the net inward along the edges to create a cube, which of the options below represents the resulting cube? Select the most likely one."                                                                            , "A, B, C, D"      , D     , 3D Folding      , images/synthetic/merged/3D_folding/medium/merged_question_0737_meta.png          , medium    , synthetic, Intrinsic-Dynamic, images/synthetic/separate/3D_folding/medium/question_0737_Q.png       ,                                                                             ,                                                                       , images/synthetic/separate/3D_folding/medium/question_0737_A0.png      , images/synthetic/separate/3D_folding/medium/question_0737_A1.png      , images/synthetic/separate/3D_folding/medium/question_0737_A2.png      , images/synthetic/separate/3D_folding/medium/question_0737_A3.png
"The figure above is a net of a cube. After folding the net inward along the edges to create a cube, which of the options below represents the resulting cube? Select the most likely one."                                                                            , "A, B, C, D"      , B     , 3D Folding      , images/synthetic/merged/3D_folding/medium/merged_question_0726_meta.png          , medium    , synthetic, Intrinsic-Dynamic, images/synthetic/separate/3D_folding/medium/question_0726_Q.png       ,                                                                             ,                                                                       , images/synthetic/separate/3D_folding/medium/question_0726_A0.png      , images/synthetic/separate/3D_folding/medium/question_0726_A1.png      , images/synthetic/separate/3D_folding/medium/question_0726_A2.png      , images/synthetic/separate/3D_folding/medium/question_0726_A3.png
"The image above shows the six faces of a cube in an unfolded (net) layout. If you fold the net inward along the edges to form a cube, which option below corresponds to the resulting cube? Select the most likely one."                                              , "A, B, C, D"      , B     , 3D Folding      , images/synthetic/merged/3D_folding/medium/merged_question_0637_meta.png          , medium    , synthetic, Intrinsic-Dynamic, images/synthetic/separate/3D_folding/medium/question_0637_Q.png       ,                                                                             ,                                                                       , images/synthetic/separate/3D_folding/medium/question_0637_A0.png      , images/synthetic/separate/3D_folding/medium/question_0637_A1.png      , images/synthetic/separate/3D_folding/medium/question_0637_A2.png      , images/synthetic/separate/3D_folding/medium/question_0637_A3.png
"The image above shows the six faces of a cube in an unfolded (net) layout. If you fold the net inward along the edges to form a cube, which option below corresponds to the resulting cube? Select the most likely one."                                              , "A, B, C, D"      , D     , 3D Folding      , images/synthetic/merged/3D_folding/medium/merged_question_0253_meta.png          , medium    , synthetic, Intrinsic-Dynamic, images/synthetic/separate/3D_folding/medium/question_0253_Q.png       ,                                                                             ,                                                                       , images/synthetic/separate/3D_folding/medium/question_0253_A0.png      , images/synthetic/separate/3D_folding/medium/question_0253_A1.png      , images/synthetic/separate/3D_folding/medium/question_0253_A2.png      , images/synthetic/separate/3D_folding/medium/question_0253_A3.png
"The figure above is a net of a cube. After folding the net inward along the edges to create a cube, which of the options below represents the resulting cube? Select the most likely one."                                                                            , "A, B, C, D"      , D     , 3D Folding      , images/synthetic/merged/3D_folding/medium/merged_question_0549_meta.png          , medium    , synthetic, Intrinsic-Dynamic, images/synthetic/separate/3D_folding/medium/question_0549_Q.png       ,                                                                             ,                                                                       , images/synthetic/separate/3D_folding/medium/question_0549_A0.png      , images/synthetic/separate/3D_folding/medium/question_0549_A1.png      , images/synthetic/separate/3D_folding/medium/question_0549_A2.png      , images/synthetic/separate/3D_folding/medium/question_0549_A3.png
"The figure above is a net of a cube. After folding the net inward along the edges to create a cube, which of the options below represents the resulting cube? Select the most likely one."                                                                            , "A, B, C, D"      , D     , 3D Folding      , images/synthetic/merged/3D_folding/medium/merged_question_0379_meta.png          , medium    , synthetic, Intrinsic-Dynamic, images/synthetic/separate/3D_folding/medium/question_0379_Q.png       ,                                                                             ,                                                                       , images/synthetic/separate/3D_folding/medium/question_0379_A0.png      , images/synthetic/separate/3D_folding/medium/question_0379_A1.png      , images/synthetic/separate/3D_folding/medium/question_0379_A2.png      , images/synthetic/separate/3D_folding/medium/question_0379_A3.png
"The image above shows the six faces of a cube in an unfolded (net) layout. If you fold the net inward along the edges to form a cube, which option below corresponds to the resulting cube? Select the most likely one."                                              , "A, B, C, D"      , A     , 3D Folding      , images/synthetic/merged/3D_folding/medium/merged_question_0511_meta.png          , medium    , synthetic, Intrinsic-Dynamic, images/synthetic/separate/3D_folding/medium/question_0511_Q.png       ,                                                                             ,                                                                       , images/synthetic/separate/3D_folding/medium/question_0511_A0.png      , images/synthetic/separate/3D_folding/medium/question_0511_A1.png      , images/synthetic/separate/3D_folding/medium/question_0511_A2.png      , images/synthetic/separate/3D_folding/medium/question_0511_A3.png
"The image above shows the six faces of a cube in an unfolded (net) layout. If you fold the net inward along the edges to form a cube, which option below corresponds to the resulting cube? Select the most likely one."                                              , "A, B, C, D"      , C     , 3D Folding      , images/synthetic/merged/3D_folding/medium/merged_question_0573_meta.png          , medium    , synthetic, Intrinsic-Dynamic, images/synthetic/separate/3D_folding/medium/question_0573_Q.png       ,                                                                             ,                                                                       , images/synthetic/separate/3D_folding/medium/question_0573_A0.png      , images/synthetic/separate/3D_folding/medium/question_0573_A1.png      , images/synthetic/separate/3D_folding/medium/question_0573_A2.png      , images/synthetic/separate/3D_folding/medium/question_0573_A3.png
"Observe the 3D shape above. According to the arrow's direction, which of the options below shows the structure as you would see it from that point of view?"                                                                                                          , "A, B, C, D"      , A     , 3D Projection   , images/synthetic/merged/3D_projection/easy/merged_question_0675.png              , easy      , synthetic, Extrinsic-Static , images/synthetic/separate/3D_projection/easy/question_0675_Q.png      ,                                                                             ,                                                                       , images/synthetic/separate/3D_projection/easy/question_0675_A0.png     , images/synthetic/separate/3D_projection/easy/question_0675_A1.png     , images/synthetic/separate/3D_projection/easy/question_0675_A2.png     , images/synthetic/separate/3D_projection/easy/question_0675_A3.png
Look at the 3D structure above. The arrow shows the direction from which to observe the structure. Which option below represents the most likely 2D projection from that viewpoint?                                                                                    , "A, B, C, D"      , B     , 3D Projection   , images/synthetic/merged/3D_projection/easy/merged_question_0444.png              , easy      , synthetic, Extrinsic-Static , images/synthetic/separate/3D_projection/easy/question_0444_Q.png      ,                                                                             ,                                                                       , images/synthetic/separate/3D_projection/easy/question_0444_A0.png     , images/synthetic/separate/3D_projection/easy/question_0444_A1.png     , images/synthetic/separate/3D_projection/easy/question_0444_A2.png     , images/synthetic/separate/3D_projection/easy/question_0444_A3.png
The arrow on the 3D object above indicates a specific viewing direction. Which of the following options is the most likely 2D view seen from that direction?                                                                                                           , "A, B, C, D"      , A     , 3D Projection   , images/synthetic/merged/3D_projection/easy/merged_question_0207.png              , easy      , synthetic, Extrinsic-Static , images/synthetic/separate/3D_projection/easy/question_0207_Q.png      ,                                                                             ,                                                                       , images/synthetic/separate/3D_projection/easy/question_0207_A0.png     , images/synthetic/separate/3D_projection/easy/question_0207_A1.png     , images/synthetic/separate/3D_projection/easy/question_0207_A2.png     , images/synthetic/separate/3D_projection/easy/question_0207_A3.png
"Given the arrow showing the viewing direction on the 3D figure above, choose the option below that best represents the projection of the structure from that perspective."                                                                                            , "A, B, C, D"      , D     , 3D Projection   , images/synthetic/merged/3D_projection/easy/merged_question_0620.png              , easy      , synthetic, Extrinsic-Static , images/synthetic/separate/3D_projection/easy/question_0620_Q.png      ,                                                                             ,                                                                       , images/synthetic/separate/3D_projection/easy/question_0620_A0.png     , images/synthetic/separate/3D_projection/easy/question_0620_A1.png     , images/synthetic/separate/3D_projection/easy/question_0620_A2.png     , images/synthetic/separate/3D_projection/easy/question_0620_A3.png
"Given the arrow showing the viewing direction on the 3D figure above, choose the option below that best represents the projection of the structure from that perspective."                                                                                            , "A, B, C, D"      , D     , 3D Projection   , images/synthetic/merged/3D_projection/easy/merged_question_0849.png              , easy      , synthetic, Extrinsic-Static , images/synthetic/separate/3D_projection/easy/question_0849_Q.png      ,                                                                             ,                                                                       , images/synthetic/separate/3D_projection/easy/question_0849_A0.png     , images/synthetic/separate/3D_projection/easy/question_0849_A1.png     , images/synthetic/separate/3D_projection/easy/question_0849_A2.png     , images/synthetic/separate/3D_projection/easy/question_0849_A3.png
Which of the following options is the most likely 2D view seen from top direction?                                                                                                                                                                                     , "A, B, C, D"      , B     , 3D Projection   , images/synthetic/merged/3D_projection/easy/merged_question_0289.png              , easy      , synthetic, Extrinsic-Static , images/synthetic/separate/3D_projection/easy/question_0289_Q.png      ,                                                                             ,                                                                       , images/synthetic/separate/3D_projection/easy/question_0289_A0.png     , images/synthetic/separate/3D_projection/easy/question_0289_A1.png     , images/synthetic/separate/3D_projection/easy/question_0289_A2.png     , images/synthetic/separate/3D_projection/easy/question_0289_A3.png
The arrow on the 3D object above indicates a specific viewing direction. Which of the following options is the most likely 2D view seen from that direction?                                                                                                           , "A, B, C, D"      , D     , 3D Projection   , images/synthetic/merged/3D_projection/easy/merged_question_0770.png              , easy      , synthetic, Extrinsic-Static , images/synthetic/separate/3D_projection/easy/question_0770_Q.png      ,                                                                             ,                                                                       , images/synthetic/separate/3D_projection/easy/question_0770_A0.png     , images/synthetic/separate/3D_projection/easy/question_0770_A1.png     , images/synthetic/separate/3D_projection/easy/question_0770_A2.png     , images/synthetic/separate/3D_projection/easy/question_0770_A3.png
The arrow on the 3D object above indicates a specific viewing direction. Which of the following options is the most likely 2D view seen from that direction?                                                                                                           , "A, B, C, D"      , D     , 3D Projection   , images/synthetic/merged/3D_projection/easy/merged_question_0686.png              , easy      , synthetic, Extrinsic-Static , images/synthetic/separate/3D_projection/easy/question_0686_Q.png      ,                                                                             ,                                                                       , images/synthetic/separate/3D_projection/easy/question_0686_A0.png     , images/synthetic/separate/3D_projection/easy/question_0686_A1.png     , images/synthetic/separate/3D_projection/easy/question_0686_A2.png     , images/synthetic/separate/3D_projection/easy/question_0686_A3.png
The arrow on the 3D object above indicates a specific viewing direction. Which of the following options is the most likely 2D view seen from that direction?                                                                                                           , "A, B, C, D"      , A     , 3D Projection   , images/synthetic/merged/3D_projection/easy/merged_question_0614.png              , easy      , synthetic, Extrinsic-Static , images/synthetic/separate/3D_projection/easy/question_0614_Q.png      ,                                                                             ,                                                                       , images/synthetic/separate/3D_projection/easy/question_0614_A0.png     , images/synthetic/separate/3D_projection/easy/question_0614_A1.png     , images/synthetic/separate/3D_projection/easy/question_0614_A2.png     , images/synthetic/separate/3D_projection/easy/question_0614_A3.png
Look at the 3D structure above.  Which option below represents the most likely 2D projection from front viewpoint?                                                                                                                                                     , "A, B, C, D"      , B     , 3D Projection   , images/synthetic/merged/3D_projection/easy/merged_question_0641.png              , easy      , synthetic, Extrinsic-Static , images/synthetic/separate/3D_projection/easy/question_0641_Q.png      ,                                                                             ,                                                                       , images/synthetic/separate/3D_projection/easy/question_0641_A0.png     , images/synthetic/separate/3D_projection/easy/question_0641_A1.png     , images/synthetic/separate/3D_projection/easy/question_0641_A2.png     , images/synthetic/separate/3D_projection/easy/question_0641_A3.png
"Given the arrow showing the viewing direction on the 3D figure above, choose the option below that best represents the projection of the structure from top perspective."                                                                                             , "A, B, C, D"      , C     , 3D Projection   , images/synthetic/merged/3D_projection/easy/merged_question_0945.png              , easy      , synthetic, Extrinsic-Static , images/synthetic/separate/3D_projection/easy/question_0945_Q.png      ,                                                                             ,                                                                       , images/synthetic/separate/3D_projection/easy/question_0945_A0.png     , images/synthetic/separate/3D_projection/easy/question_0945_A1.png     , images/synthetic/separate/3D_projection/easy/question_0945_A2.png     , images/synthetic/separate/3D_projection/easy/question_0945_A3.png
The arrow on the 3D object above indicates a specific viewing direction. Which of the following options is the most likely 2D view seen from that direction?                                                                                                           , "A, B, C, D"      , D     , 3D Projection   , images/synthetic/merged/3D_projection/easy/merged_question_0658.png              , easy      , synthetic, Extrinsic-Static , images/synthetic/separate/3D_projection/easy/question_0658_Q.png      ,                                                                             ,                                                                       , images/synthetic/separate/3D_projection/easy/question_0658_A0.png     , images/synthetic/separate/3D_projection/easy/question_0658_A1.png     , images/synthetic/separate/3D_projection/easy/question_0658_A2.png     , images/synthetic/separate/3D_projection/easy/question_0658_A3.png
The arrow on the 3D object above indicates a specific viewing direction. Which of the following options is the most likely 2D view seen from that direction?                                                                                                           , "A, B, C, D"      , D     , 3D Projection   , images/synthetic/merged/3D_projection/easy/merged_question_0805.png              , easy      , synthetic, Extrinsic-Static , images/synthetic/separate/3D_projection/easy/question_0805_Q.png      ,                                                                             ,                                                                       , images/synthetic/separate/3D_projection/easy/question_0805_A0.png     , images/synthetic/separate/3D_projection/easy/question_0805_A1.png     , images/synthetic/separate/3D_projection/easy/question_0805_A2.png     , images/synthetic/separate/3D_projection/easy/question_0805_A3.png
"Observe the 3D shape above. According to the arrow's direction, which of the options below shows the structure as you would see it from that point of view?"                                                                                                          , "A, B, C, D"      , D     , 3D Projection   , images/synthetic/merged/3D_projection/easy/merged_question_0265.png              , easy      , synthetic, Extrinsic-Static , images/synthetic/separate/3D_projection/easy/question_0265_Q.png      ,                                                                             ,                                                                       , images/synthetic/separate/3D_projection/easy/question_0265_A0.png     , images/synthetic/separate/3D_projection/easy/question_0265_A1.png     , images/synthetic/separate/3D_projection/easy/question_0265_A2.png     , images/synthetic/separate/3D_projection/easy/question_0265_A3.png
The arrow on the 3D object above indicates a specific viewing direction. Which of the following options is the most likely 2D view seen from that direction?                                                                                                           , "A, B, C, D"      , B     , 3D Projection   , images/synthetic/merged/3D_projection/easy/merged_question_0374.png              , easy      , synthetic, Extrinsic-Static , images/synthetic/separate/3D_projection/easy/question_0374_Q.png      ,                                                                             ,                                                                       , images/synthetic/separate/3D_projection/easy/question_0374_A0.png     , images/synthetic/separate/3D_projection/easy/question_0374_A1.png     , images/synthetic/separate/3D_projection/easy/question_0374_A2.png     , images/synthetic/separate/3D_projection/easy/question_0374_A3.png
"Given the arrow showing the viewing direction on the 3D figure above, choose the option below that best represents the projection of the structure from front perspective."                                                                                           , "A, B, C, D"      , D     , 3D Projection   , images/synthetic/merged/3D_projection/easy/merged_question_0690.png              , easy      , synthetic, Extrinsic-Static , images/synthetic/separate/3D_projection/easy/question_0690_Q.png      ,                                                                             ,                                                                       , images/synthetic/separate/3D_projection/easy/question_0690_A0.png     , images/synthetic/separate/3D_projection/easy/question_0690_A1.png     , images/synthetic/separate/3D_projection/easy/question_0690_A2.png     , images/synthetic/separate/3D_projection/easy/question_0690_A3.png
The arrow on the 3D object above indicates a specific viewing direction. Which of the following options is the most likely 2D view seen from that direction?                                                                                                           , "A, B, C, D"      , D     , 3D Projection   , images/synthetic/merged/3D_projection/easy/merged_question_0751.png              , easy      , synthetic, Extrinsic-Static , images/synthetic/separate/3D_projection/easy/question_0751_Q.png      ,                                                                             ,                                                                       , images/synthetic/separate/3D_projection/easy/question_0751_A0.png     , images/synthetic/separate/3D_projection/easy/question_0751_A1.png     , images/synthetic/separate/3D_projection/easy/question_0751_A2.png     , images/synthetic/separate/3D_projection/easy/question_0751_A3.png
The arrow on the 3D object above indicates a specific viewing direction. Which of the following options is the most likely 2D view seen from that direction?                                                                                                           , "A, B, C, D"      , B     , 3D Projection   , images/synthetic/merged/3D_projection/easy/merged_question_0381.png              , easy      , synthetic, Extrinsic-Static , images/synthetic/separate/3D_projection/easy/question_0381_Q.png      ,                                                                             ,                                                                       , images/synthetic/separate/3D_projection/easy/question_0381_A0.png     , images/synthetic/separate/3D_projection/easy/question_0381_A1.png     , images/synthetic/separate/3D_projection/easy/question_0381_A2.png     , images/synthetic/separate/3D_projection/easy/question_0381_A3.png
The arrow on the 3D object above indicates a specific viewing direction. Which of the following options is the most likely 2D view seen from that direction?                                                                                                           , "A, B, C, D"      , B     , 3D Projection   , images/synthetic/merged/3D_projection/hard/merged_question_0260.png              , hard      , synthetic, Extrinsic-Static , images/synthetic/separate/3D_projection/hard/question_0260_Q.png      ,                                                                             ,                                                                       , images/synthetic/separate/3D_projection/hard/question_0260_A0.png     , images/synthetic/separate/3D_projection/hard/question_0260_A1.png     , images/synthetic/separate/3D_projection/hard/question_0260_A2.png     , images/synthetic/separate/3D_projection/hard/question_0260_A3.png
"Given the arrow showing the viewing direction on the 3D figure above, choose the option below that best represents the projection of the structure from that perspective."                                                                                            , "A, B, C, D"      , B     , 3D Projection   , images/synthetic/merged/3D_projection/hard/merged_question_0734.png              , hard      , synthetic, Extrinsic-Static , images/synthetic/separate/3D_projection/hard/question_0734_Q.png      ,                                                                             ,                                                                       , images/synthetic/separate/3D_projection/hard/question_0734_A0.png     , images/synthetic/separate/3D_projection/hard/question_0734_A1.png     , images/synthetic/separate/3D_projection/hard/question_0734_A2.png     , images/synthetic/separate/3D_projection/hard/question_0734_A3.png
"Given the arrow showing the viewing direction on the 3D figure above, choose the option below that best represents the projection of the structure from that perspective."                                                                                            , "A, B, C, D"      , D     , 3D Projection   , images/synthetic/merged/3D_projection/hard/merged_question_0239.png              , hard      , synthetic, Extrinsic-Static , images/synthetic/separate/3D_projection/hard/question_0239_Q.png      ,                                                                             ,                                                                       , images/synthetic/separate/3D_projection/hard/question_0239_A0.png     , images/synthetic/separate/3D_projection/hard/question_0239_A1.png     , images/synthetic/separate/3D_projection/hard/question_0239_A2.png     , images/synthetic/separate/3D_projection/hard/question_0239_A3.png
The arrow on the 3D object above indicates a specific viewing direction. Which of the following options is the most likely 2D view seen from that direction?                                                                                                           , "A, B, C, D"      , D     , 3D Projection   , images/synthetic/merged/3D_projection/hard/merged_question_0474.png              , hard      , synthetic, Extrinsic-Static , images/synthetic/separate/3D_projection/hard/question_0474_Q.png      ,                                                                             ,                                                                       , images/synthetic/separate/3D_projection/hard/question_0474_A0.png     , images/synthetic/separate/3D_projection/hard/question_0474_A1.png     , images/synthetic/separate/3D_projection/hard/question_0474_A2.png     , images/synthetic/separate/3D_projection/hard/question_0474_A3.png
"Observe the 3D shape above. According to the arrow's direction, which of the options below shows the structure as you would see it from that point of view?"                                                                                                          , "A, B, C, D"      , B     , 3D Projection   , images/synthetic/merged/3D_projection/hard/merged_question_0497.png              , hard      , synthetic, Extrinsic-Static , images/synthetic/separate/3D_projection/hard/question_0497_Q.png      ,                                                                             ,                                                                       , images/synthetic/separate/3D_projection/hard/question_0497_A0.png     , images/synthetic/separate/3D_projection/hard/question_0497_A1.png     , images/synthetic/separate/3D_projection/hard/question_0497_A2.png     , images/synthetic/separate/3D_projection/hard/question_0497_A3.png
Which of the following options is the most likely 2D view seen from top direction?                                                                                                                                                                                     , "A, B, C, D"      , D     , 3D Projection   , images/synthetic/merged/3D_projection/hard/merged_question_0230.png              , hard      , synthetic, Extrinsic-Static , images/synthetic/separate/3D_projection/hard/question_0230_Q.png      ,                                                                             ,                                                                       , images/synthetic/separate/3D_projection/hard/question_0230_A0.png     , images/synthetic/separate/3D_projection/hard/question_0230_A1.png     , images/synthetic/separate/3D_projection/hard/question_0230_A2.png     , images/synthetic/separate/3D_projection/hard/question_0230_A3.png
"Observe the 3D shape above. According to the arrow's direction, which of the options below shows the structure as you would see it from that point of view?"                                                                                                          , "A, B, C, D"      , D     , 3D Projection   , images/synthetic/merged/3D_projection/hard/merged_question_0690.png              , hard      , synthetic, Extrinsic-Static , images/synthetic/separate/3D_projection/hard/question_0690_Q.png      ,                                                                             ,                                                                       , images/synthetic/separate/3D_projection/hard/question_0690_A0.png     , images/synthetic/separate/3D_projection/hard/question_0690_A1.png     , images/synthetic/separate/3D_projection/hard/question_0690_A2.png     , images/synthetic/separate/3D_projection/hard/question_0690_A3.png
Which of the following options is the most likely 2D view seen from top direction?                                                                                                                                                                                     , "A, B, C, D"      , B     , 3D Projection   , images/synthetic/merged/3D_projection/hard/merged_question_0596.png              , hard      , synthetic, Extrinsic-Static , images/synthetic/separate/3D_projection/hard/question_0596_Q.png      ,                                                                             ,                                                                       , images/synthetic/separate/3D_projection/hard/question_0596_A0.png     , images/synthetic/separate/3D_projection/hard/question_0596_A1.png     , images/synthetic/separate/3D_projection/hard/question_0596_A2.png     , images/synthetic/separate/3D_projection/hard/question_0596_A3.png
"Given the arrow showing the viewing direction on the 3D figure above, choose the option below that best represents the projection of the structure from that perspective."                                                                                            , "A, B, C, D"      , B     , 3D Projection   , images/synthetic/merged/3D_projection/hard/merged_question_0371.png              , hard      , synthetic, Extrinsic-Static , images/synthetic/separate/3D_projection/hard/question_0371_Q.png      ,                                                                             ,                                                                       , images/synthetic/separate/3D_projection/hard/question_0371_A0.png     , images/synthetic/separate/3D_projection/hard/question_0371_A1.png     , images/synthetic/separate/3D_projection/hard/question_0371_A2.png     , images/synthetic/separate/3D_projection/hard/question_0371_A3.png
"Observe the 3D shape above. According to the arrow's direction, which of the options below shows the structure as you would see it from that point of view?"                                                                                                          , "A, B, C, D"      , A     , 3D Projection   , images/synthetic/merged/3D_projection/hard/merged_question_0521.png              , hard      , synthetic, Extrinsic-Static , images/synthetic/separate/3D_projection/hard/question_0521_Q.png      ,                                                                             ,                                                                       , images/synthetic/separate/3D_projection/hard/question_0521_A0.png     , images/synthetic/separate/3D_projection/hard/question_0521_A1.png     , images/synthetic/separate/3D_projection/hard/question_0521_A2.png     , images/synthetic/separate/3D_projection/hard/question_0521_A3.png
"Observe the 3D shape above. According to the arrow's direction, which of the options below shows the structure as you would see it from that point of view?"                                                                                                          , "A, B, C, D"      , C     , 3D Projection   , images/synthetic/merged/3D_projection/hard/merged_question_0334.png              , hard      , synthetic, Extrinsic-Static , images/synthetic/separate/3D_projection/hard/question_0334_Q.png      ,                                                                             ,                                                                       , images/synthetic/separate/3D_projection/hard/question_0334_A0.png     , images/synthetic/separate/3D_projection/hard/question_0334_A1.png     , images/synthetic/separate/3D_projection/hard/question_0334_A2.png     , images/synthetic/separate/3D_projection/hard/question_0334_A3.png
"Observe the 3D shape above. According to the arrow's direction, which of the options below shows the structure as you would see it from that point of view?"                                                                                                          , "A, B, C, D"      , B     , 3D Projection   , images/synthetic/merged/3D_projection/hard/merged_question_0432.png              , hard      , synthetic, Extrinsic-Static , images/synthetic/separate/3D_projection/hard/question_0432_Q.png      ,                                                                             ,                                                                       , images/synthetic/separate/3D_projection/hard/question_0432_A0.png     , images/synthetic/separate/3D_projection/hard/question_0432_A1.png     , images/synthetic/separate/3D_projection/hard/question_0432_A2.png     , images/synthetic/separate/3D_projection/hard/question_0432_A3.png
"Observe the 3D shape above. According to the arrow's direction, which of the options below shows the structure as you would see it from that point of view?"                                                                                                          , "A, B, C, D"      , C     , 3D Projection   , images/synthetic/merged/3D_projection/hard/merged_question_0362.png              , hard      , synthetic, Extrinsic-Static , images/synthetic/separate/3D_projection/hard/question_0362_Q.png      ,                                                                             ,                                                                       , images/synthetic/separate/3D_projection/hard/question_0362_A0.png     , images/synthetic/separate/3D_projection/hard/question_0362_A1.png     , images/synthetic/separate/3D_projection/hard/question_0362_A2.png     , images/synthetic/separate/3D_projection/hard/question_0362_A3.png
Observe the 3D shape above. Which of the options below shows the structure as you would see it from top view?                                                                                                                                                          , "A, B, C, D"      , C     , 3D Projection   , images/synthetic/merged/3D_projection/hard/merged_question_0800.png              , hard      , synthetic, Extrinsic-Static , images/synthetic/separate/3D_projection/hard/question_0800_Q.png      ,                                                                             ,                                                                       , images/synthetic/separate/3D_projection/hard/question_0800_A0.png     , images/synthetic/separate/3D_projection/hard/question_0800_A1.png     , images/synthetic/separate/3D_projection/hard/question_0800_A2.png     , images/synthetic/separate/3D_projection/hard/question_0800_A3.png
"Given the arrow showing the viewing direction on the 3D figure above, choose the option below that best represents the projection of the structure from that perspective."                                                                                            , "A, B, C, D"      , C     , 3D Projection   , images/synthetic/merged/3D_projection/hard/merged_question_0316.png              , hard      , synthetic, Extrinsic-Static , images/synthetic/separate/3D_projection/hard/question_0316_Q.png      ,                                                                             ,                                                                       , images/synthetic/separate/3D_projection/hard/question_0316_A0.png     , images/synthetic/separate/3D_projection/hard/question_0316_A1.png     , images/synthetic/separate/3D_projection/hard/question_0316_A2.png     , images/synthetic/separate/3D_projection/hard/question_0316_A3.png
"Observe the 3D shape above. According to the arrow's direction, which of the options below shows the structure as you would see it from that point of view?"                                                                                                          , "A, B, C, D"      , A     , 3D Projection   , images/synthetic/merged/3D_projection/hard/merged_question_0320.png              , hard      , synthetic, Extrinsic-Static , images/synthetic/separate/3D_projection/hard/question_0320_Q.png      ,                                                                             ,                                                                       , images/synthetic/separate/3D_projection/hard/question_0320_A0.png     , images/synthetic/separate/3D_projection/hard/question_0320_A1.png     , images/synthetic/separate/3D_projection/hard/question_0320_A2.png     , images/synthetic/separate/3D_projection/hard/question_0320_A3.png
The arrow on the 3D object above indicates a specific viewing direction. Which of the following options is the most likely 2D view seen from that direction?                                                                                                           , "A, B, C, D"      , C     , 3D Projection   , images/synthetic/merged/3D_projection/hard/merged_question_0910.png              , hard      , synthetic, Extrinsic-Static , images/synthetic/separate/3D_projection/hard/question_0910_Q.png      ,                                                                             ,                                                                       , images/synthetic/separate/3D_projection/hard/question_0910_A0.png     , images/synthetic/separate/3D_projection/hard/question_0910_A1.png     , images/synthetic/separate/3D_projection/hard/question_0910_A2.png     , images/synthetic/separate/3D_projection/hard/question_0910_A3.png
"Given the arrow showing the viewing direction on the 3D figure above, choose the option below that best represents the projection of the structure from that perspective."                                                                                            , "A, B, C, D"      , D     , 3D Projection   , images/synthetic/merged/3D_projection/medium/merged_question_0570.png            , medium    , synthetic, Extrinsic-Static , images/synthetic/separate/3D_projection/medium/question_0570_Q.png    ,                                                                             ,                                                                       , images/synthetic/separate/3D_projection/medium/question_0570_A0.png   , images/synthetic/separate/3D_projection/medium/question_0570_A1.png   , images/synthetic/separate/3D_projection/medium/question_0570_A2.png   , images/synthetic/separate/3D_projection/medium/question_0570_A3.png
"Given the arrow showing the viewing direction on the 3D figure above, choose the option below that best represents the projection of the structure from that perspective."                                                                                            , "A, B, C, D"      , B     , 3D Projection   , images/synthetic/merged/3D_projection/medium/merged_question_0968.png            , medium    , synthetic, Extrinsic-Static , images/synthetic/separate/3D_projection/medium/question_0968_Q.png    ,                                                                             ,                                                                       , images/synthetic/separate/3D_projection/medium/question_0968_A0.png   , images/synthetic/separate/3D_projection/medium/question_0968_A1.png   , images/synthetic/separate/3D_projection/medium/question_0968_A2.png   , images/synthetic/separate/3D_projection/medium/question_0968_A3.png
"Observe the 3D shape above. According to the arrow's direction, which of the options below shows the structure as you would see it from that point of view?"                                                                                                          , "A, B, C, D"      , A     , 3D Projection   , images/synthetic/merged/3D_projection/medium/merged_question_0640.png            , medium    , synthetic, Extrinsic-Static , images/synthetic/separate/3D_projection/medium/question_0640_Q.png    ,                                                                             ,                                                                       , images/synthetic/separate/3D_projection/medium/question_0640_A0.png   , images/synthetic/separate/3D_projection/medium/question_0640_A1.png   , images/synthetic/separate/3D_projection/medium/question_0640_A2.png   , images/synthetic/separate/3D_projection/medium/question_0640_A3.png
"Observe the 3D shape above. According to the arrow's direction, which of the options below shows the structure as you would see it from that point of view?"                                                                                                          , "A, B, C, D"      , A     , 3D Projection   , images/synthetic/merged/3D_projection/medium/merged_question_0420.png            , medium    , synthetic, Extrinsic-Static , images/synthetic/separate/3D_projection/medium/question_0420_Q.png    ,                                                                             ,                                                                       , images/synthetic/separate/3D_projection/medium/question_0420_A0.png   , images/synthetic/separate/3D_projection/medium/question_0420_A1.png   , images/synthetic/separate/3D_projection/medium/question_0420_A2.png   , images/synthetic/separate/3D_projection/medium/question_0420_A3.png
"Given the arrow showing the viewing direction on the 3D figure above, choose the option below that best represents the projection of the structure from that perspective."                                                                                            , "A, B, C, D"      , C     , 3D Projection   , images/synthetic/merged/3D_projection/medium/merged_question_0877.png            , medium    , synthetic, Extrinsic-Static , images/synthetic/separate/3D_projection/medium/question_0877_Q.png    ,                                                                             ,                                                                       , images/synthetic/separate/3D_projection/medium/question_0877_A0.png   , images/synthetic/separate/3D_projection/medium/question_0877_A1.png   , images/synthetic/separate/3D_projection/medium/question_0877_A2.png   , images/synthetic/separate/3D_projection/medium/question_0877_A3.png
"Observe the 3D shape above. According to the arrow's direction, which of the options below shows the structure as you would see it from that point of view?"                                                                                                          , "A, B, C, D"      , D     , 3D Projection   , images/synthetic/merged/3D_projection/medium/merged_question_0823.png            , medium    , synthetic, Extrinsic-Static , images/synthetic/separate/3D_projection/medium/question_0823_Q.png    ,                                                                             ,                                                                       , images/synthetic/separate/3D_projection/medium/question_0823_A0.png   , images/synthetic/separate/3D_projection/medium/question_0823_A1.png   , images/synthetic/separate/3D_projection/medium/question_0823_A2.png   , images/synthetic/separate/3D_projection/medium/question_0823_A3.png
The arrow on the 3D object above indicates a specific viewing direction. Which of the following options is the most likely 2D view seen from that direction?                                                                                                           , "A, B, C, D"      , A     , 3D Projection   , images/synthetic/merged/3D_projection/medium/merged_question_0259.png            , medium    , synthetic, Extrinsic-Static , images/synthetic/separate/3D_projection/medium/question_0259_Q.png    ,                                                                             ,                                                                       , images/synthetic/separate/3D_projection/medium/question_0259_A0.png   , images/synthetic/separate/3D_projection/medium/question_0259_A1.png   , images/synthetic/separate/3D_projection/medium/question_0259_A2.png   , images/synthetic/separate/3D_projection/medium/question_0259_A3.png
The arrow on the 3D object above indicates a specific viewing direction. Which of the following options is the most likely 2D view seen from that direction?                                                                                                           , "A, B, C, D"      , D     , 3D Projection   , images/synthetic/merged/3D_projection/medium/merged_question_0240.png            , medium    , synthetic, Extrinsic-Static , images/synthetic/separate/3D_projection/medium/question_0240_Q.png    ,                                                                             ,                                                                       , images/synthetic/separate/3D_projection/medium/question_0240_A0.png   , images/synthetic/separate/3D_projection/medium/question_0240_A1.png   , images/synthetic/separate/3D_projection/medium/question_0240_A2.png   , images/synthetic/separate/3D_projection/medium/question_0240_A3.png
Observe the 3D shape above. Which of the options below shows the structure as you would see it from right view?                                                                                                                                                        , "A, B, C, D"      , C     , 3D Projection   , images/synthetic/merged/3D_projection/medium/merged_question_0651.png            , medium    , synthetic, Extrinsic-Static , images/synthetic/separate/3D_projection/medium/question_0651_Q.png    ,                                                                             ,                                                                       , images/synthetic/separate/3D_projection/medium/question_0651_A0.png   , images/synthetic/separate/3D_projection/medium/question_0651_A1.png   , images/synthetic/separate/3D_projection/medium/question_0651_A2.png   , images/synthetic/separate/3D_projection/medium/question_0651_A3.png
"Observe the 3D shape above. According to the arrow's direction, which of the options below shows the structure as you would see it from that point of view?"                                                                                                          , "A, B, C, D"      , D     , 3D Projection   , images/synthetic/merged/3D_projection/medium/merged_question_0441.png            , medium    , synthetic, Extrinsic-Static , images/synthetic/separate/3D_projection/medium/question_0441_Q.png    ,                                                                             ,                                                                       , images/synthetic/separate/3D_projection/medium/question_0441_A0.png   , images/synthetic/separate/3D_projection/medium/question_0441_A1.png   , images/synthetic/separate/3D_projection/medium/question_0441_A2.png   , images/synthetic/separate/3D_projection/medium/question_0441_A3.png
"Observe the 3D shape above. According to the arrow's direction, which of the options below shows the structure as you would see it from that point of view?"                                                                                                          , "A, B, C, D"      , C     , 3D Projection   , images/synthetic/merged/3D_projection/medium/merged_question_0554.png            , medium    , synthetic, Extrinsic-Static , images/synthetic/separate/3D_projection/medium/question_0554_Q.png    ,                                                                             ,                                                                       , images/synthetic/separate/3D_projection/medium/question_0554_A0.png   , images/synthetic/separate/3D_projection/medium/question_0554_A1.png   , images/synthetic/separate/3D_projection/medium/question_0554_A2.png   , images/synthetic/separate/3D_projection/medium/question_0554_A3.png
"Observe the 3D shape above. According to the arrow's direction, which of the options below shows the structure as you would see it from that point of view?"                                                                                                          , "A, B, C, D"      , B     , 3D Projection   , images/synthetic/merged/3D_projection/medium/merged_question_0611.png            , medium    , synthetic, Extrinsic-Static , images/synthetic/separate/3D_projection/medium/question_0611_Q.png    ,                                                                             ,                                                                       , images/synthetic/separate/3D_projection/medium/question_0611_A0.png   , images/synthetic/separate/3D_projection/medium/question_0611_A1.png   , images/synthetic/separate/3D_projection/medium/question_0611_A2.png   , images/synthetic/separate/3D_projection/medium/question_0611_A3.png
"Observe the 3D shape above. According to the arrow's direction, which of the options below shows the structure as you would see it from that point of view?"                                                                                                          , "A, B, C, D"      , B     , 3D Projection   , images/synthetic/merged/3D_projection/medium/merged_question_0410.png            , medium    , synthetic, Extrinsic-Static , images/synthetic/separate/3D_projection/medium/question_0410_Q.png    ,                                                                             ,                                                                       , images/synthetic/separate/3D_projection/medium/question_0410_A0.png   , images/synthetic/separate/3D_projection/medium/question_0410_A1.png   , images/synthetic/separate/3D_projection/medium/question_0410_A2.png   , images/synthetic/separate/3D_projection/medium/question_0410_A3.png
"Observe the 3D shape above. According to the arrow's direction, which of the options below shows the structure as you would see it from that point of view?"                                                                                                          , "A, B, C, D"      , B     , 3D Projection   , images/synthetic/merged/3D_projection/medium/merged_question_0817.png            , medium    , synthetic, Extrinsic-Static , images/synthetic/separate/3D_projection/medium/question_0817_Q.png    ,                                                                             ,                                                                       , images/synthetic/separate/3D_projection/medium/question_0817_A0.png   , images/synthetic/separate/3D_projection/medium/question_0817_A1.png   , images/synthetic/separate/3D_projection/medium/question_0817_A2.png   , images/synthetic/separate/3D_projection/medium/question_0817_A3.png
The arrow on the 3D object above indicates a specific viewing direction. Which of the following options is the most likely 2D view seen from that direction?                                                                                                           , "A, B, C, D"      , B     , 3D Projection   , images/synthetic/merged/3D_projection/medium/merged_question_0821.png            , medium    , synthetic, Extrinsic-Static , images/synthetic/separate/3D_projection/medium/question_0821_Q.png    ,                                                                             ,                                                                       , images/synthetic/separate/3D_projection/medium/question_0821_A0.png   , images/synthetic/separate/3D_projection/medium/question_0821_A1.png   , images/synthetic/separate/3D_projection/medium/question_0821_A2.png   , images/synthetic/separate/3D_projection/medium/question_0821_A3.png
"Given the arrow showing the viewing direction on the 3D figure above, choose the option below that best represents the projection of the structure from front perspective."                                                                                           , "A, B, C, D"      , A     , 3D Projection   , images/synthetic/merged/3D_projection/medium/merged_question_0831.png            , medium    , synthetic, Extrinsic-Static , images/synthetic/separate/3D_projection/medium/question_0831_Q.png    ,                                                                             ,                                                                       , images/synthetic/separate/3D_projection/medium/question_0831_A0.png   , images/synthetic/separate/3D_projection/medium/question_0831_A1.png   , images/synthetic/separate/3D_projection/medium/question_0831_A2.png   , images/synthetic/separate/3D_projection/medium/question_0831_A3.png
"Given the arrow showing the viewing direction on the 3D figure above, choose the option below that best represents the projection of the structure from that perspective."                                                                                            , "A, B, C, D"      , B     , 3D Projection   , images/synthetic/merged/3D_projection/medium/merged_question_0381.png            , medium    , synthetic, Extrinsic-Static , images/synthetic/separate/3D_projection/medium/question_0381_Q.png    ,                                                                             ,                                                                       , images/synthetic/separate/3D_projection/medium/question_0381_A0.png   , images/synthetic/separate/3D_projection/medium/question_0381_A1.png   , images/synthetic/separate/3D_projection/medium/question_0381_A2.png   , images/synthetic/separate/3D_projection/medium/question_0381_A3.png
"Given the arrow showing the viewing direction on the 3D figure above, choose the option below that best represents the projection of the structure from that perspective."                                                                                            , "A, B, C, D"      , A     , 3D Projection   , images/synthetic/merged/3D_projection/medium/merged_question_0559.png            , medium    , synthetic, Extrinsic-Static , images/synthetic/separate/3D_projection/medium/question_0559_Q.png    ,                                                                             ,                                                                       , images/synthetic/separate/3D_projection/medium/question_0559_A0.png   , images/synthetic/separate/3D_projection/medium/question_0559_A1.png   , images/synthetic/separate/3D_projection/medium/question_0559_A2.png   , images/synthetic/separate/3D_projection/medium/question_0559_A3.png
"Look at the 3D shape above. After rotating the shape in your mind, choose the option below that matches it exactly."                                                                                                                                                  , "A, B, C, D"      , D     , 3D Rotation     , images/synthetic/merged/3D_rotation/easy/merged_question_0758.png                , easy      , synthetic, Intrinsic-Dynamic, images/synthetic/separate/3D_rotation/easy/question_0758_Q.png        ,                                                                             ,                                                                       , images/synthetic/separate/3D_rotation/easy/question_0758_A0.png       , images/synthetic/separate/3D_rotation/easy/question_0758_A1.png       , images/synthetic/separate/3D_rotation/easy/question_0758_A2.png       , images/synthetic/separate/3D_rotation/easy/question_0758_A3.png
Look at the 3D structure above. Choose which option below shows the same structure from a different angle.                                                                                                                                                             , "A, B, C, D"      , D     , 3D Rotation     , images/synthetic/merged/3D_rotation/easy/merged_question_0881.png                , easy      , synthetic, Intrinsic-Dynamic, images/synthetic/separate/3D_rotation/easy/question_0881_Q.png        ,                                                                             ,                                                                       , images/synthetic/separate/3D_rotation/easy/question_0881_A0.png       , images/synthetic/separate/3D_rotation/easy/question_0881_A1.png       , images/synthetic/separate/3D_rotation/easy/question_0881_A2.png       , images/synthetic/separate/3D_rotation/easy/question_0881_A3.png
Imagine rotating the 3D structure shown above along one or more axes. Which of the options below is a view of the same structure from a new angle?                                                                                                                     , "A, B, C, D"      , A     , 3D Rotation     , images/synthetic/merged/3D_rotation/easy/merged_question_0528.png                , easy      , synthetic, Intrinsic-Dynamic, images/synthetic/separate/3D_rotation/easy/question_0528_Q.png        ,                                                                             ,                                                                       , images/synthetic/separate/3D_rotation/easy/question_0528_A0.png       , images/synthetic/separate/3D_rotation/easy/question_0528_A1.png       , images/synthetic/separate/3D_rotation/easy/question_0528_A2.png       , images/synthetic/separate/3D_rotation/easy/question_0528_A3.png
Look at the 3D structure above. Choose which option below shows the same structure from a different angle.                                                                                                                                                             , "A, B, C, D"      , D     , 3D Rotation     , images/synthetic/merged/3D_rotation/easy/merged_question_0236.png                , easy      , synthetic, Intrinsic-Dynamic, images/synthetic/separate/3D_rotation/easy/question_0236_Q.png        ,                                                                             ,                                                                       , images/synthetic/separate/3D_rotation/easy/question_0236_A0.png       , images/synthetic/separate/3D_rotation/easy/question_0236_A1.png       , images/synthetic/separate/3D_rotation/easy/question_0236_A2.png       , images/synthetic/separate/3D_rotation/easy/question_0236_A3.png
Imagine rotating the 3D structure shown above along one or more axes. Which of the options below is a view of the same structure from a new angle?                                                                                                                     , "A, B, C, D"      , A     , 3D Rotation     , images/synthetic/merged/3D_rotation/easy/merged_question_0272.png                , easy      , synthetic, Intrinsic-Dynamic, images/synthetic/separate/3D_rotation/easy/question_0272_Q.png        ,                                                                             ,                                                                       , images/synthetic/separate/3D_rotation/easy/question_0272_A0.png       , images/synthetic/separate/3D_rotation/easy/question_0272_A1.png       , images/synthetic/separate/3D_rotation/easy/question_0272_A2.png       , images/synthetic/separate/3D_rotation/easy/question_0272_A3.png
"Look at the 3D shape above. After rotating the shape in your mind, choose the option below that matches it exactly."                                                                                                                                                  , "A, B, C, D"      , C     , 3D Rotation     , images/synthetic/merged/3D_rotation/easy/merged_question_0468.png                , easy      , synthetic, Intrinsic-Dynamic, images/synthetic/separate/3D_rotation/easy/question_0468_Q.png        ,                                                                             ,                                                                       , images/synthetic/separate/3D_rotation/easy/question_0468_A0.png       , images/synthetic/separate/3D_rotation/easy/question_0468_A1.png       , images/synthetic/separate/3D_rotation/easy/question_0468_A2.png       , images/synthetic/separate/3D_rotation/easy/question_0468_A3.png
"The 3D object in the question is shown from a specific viewpoint. One of the options below is the same object, just rotated. Which one is the most likely one?"                                                                                                       , "A, B, C, D"      , B     , 3D Rotation     , images/synthetic/merged/3D_rotation/easy/merged_question_0755.png                , easy      , synthetic, Intrinsic-Dynamic, images/synthetic/separate/3D_rotation/easy/question_0755_Q.png        ,                                                                             ,                                                                       , images/synthetic/separate/3D_rotation/easy/question_0755_A0.png       , images/synthetic/separate/3D_rotation/easy/question_0755_A1.png       , images/synthetic/separate/3D_rotation/easy/question_0755_A2.png       , images/synthetic/separate/3D_rotation/easy/question_0755_A3.png
"Look at the 3D shape above. After rotating the shape in your mind, choose the option below that matches it exactly."                                                                                                                                                  , "A, B, C, D"      , B     , 3D Rotation     , images/synthetic/merged/3D_rotation/easy/merged_question_0560.png                , easy      , synthetic, Intrinsic-Dynamic, images/synthetic/separate/3D_rotation/easy/question_0560_Q.png        ,                                                                             ,                                                                       , images/synthetic/separate/3D_rotation/easy/question_0560_A0.png       , images/synthetic/separate/3D_rotation/easy/question_0560_A1.png       , images/synthetic/separate/3D_rotation/easy/question_0560_A2.png       , images/synthetic/separate/3D_rotation/easy/question_0560_A3.png
Look at the 3D structure above. Choose which option below shows the same structure from a different angle.                                                                                                                                                             , "A, B, C, D"      , B     , 3D Rotation     , images/synthetic/merged/3D_rotation/easy/merged_question_0783.png                , easy      , synthetic, Intrinsic-Dynamic, images/synthetic/separate/3D_rotation/easy/question_0783_Q.png        ,                                                                             ,                                                                       , images/synthetic/separate/3D_rotation/easy/question_0783_A0.png       , images/synthetic/separate/3D_rotation/easy/question_0783_A1.png       , images/synthetic/separate/3D_rotation/easy/question_0783_A2.png       , images/synthetic/separate/3D_rotation/easy/question_0783_A3.png
"Look at the 3D shape above. After rotating the shape in your mind, choose the option below that matches it exactly."                                                                                                                                                  , "A, B, C, D"      , D     , 3D Rotation     , images/synthetic/merged/3D_rotation/easy/merged_question_0287.png                , easy      , synthetic, Intrinsic-Dynamic, images/synthetic/separate/3D_rotation/easy/question_0287_Q.png        ,                                                                             ,                                                                       , images/synthetic/separate/3D_rotation/easy/question_0287_A0.png       , images/synthetic/separate/3D_rotation/easy/question_0287_A1.png       , images/synthetic/separate/3D_rotation/easy/question_0287_A2.png       , images/synthetic/separate/3D_rotation/easy/question_0287_A3.png
"The figure above shows a structure made of blocks. Options A, B, C, and D below show the structure from different viewpoints or may be different structures. Please select the option that matches the figure above."                                                 , "A, B, C, D"      , C     , 3D Rotation     , images/synthetic/merged/3D_rotation/easy/merged_question_0263.png                , easy      , synthetic, Intrinsic-Dynamic, images/synthetic/separate/3D_rotation/easy/question_0263_Q.png        ,                                                                             ,                                                                       , images/synthetic/separate/3D_rotation/easy/question_0263_A0.png       , images/synthetic/separate/3D_rotation/easy/question_0263_A1.png       , images/synthetic/separate/3D_rotation/easy/question_0263_A2.png       , images/synthetic/separate/3D_rotation/easy/question_0263_A3.png
Imagine rotating the 3D structure shown above along one or more axes. Which of the options below is a view of the same structure from a new angle?                                                                                                                     , "A, B, C, D"      , A     , 3D Rotation     , images/synthetic/merged/3D_rotation/easy/merged_question_0241.png                , easy      , synthetic, Intrinsic-Dynamic, images/synthetic/separate/3D_rotation/easy/question_0241_Q.png        ,                                                                             ,                                                                       , images/synthetic/separate/3D_rotation/easy/question_0241_A0.png       , images/synthetic/separate/3D_rotation/easy/question_0241_A1.png       , images/synthetic/separate/3D_rotation/easy/question_0241_A2.png       , images/synthetic/separate/3D_rotation/easy/question_0241_A3.png
Imagine rotating the 3D structure shown above along one or more axes. Which of the options below is a view of the same structure from a new angle?                                                                                                                     , "A, B, C, D"      , C     , 3D Rotation     , images/synthetic/merged/3D_rotation/easy/merged_question_0862.png                , easy      , synthetic, Intrinsic-Dynamic, images/synthetic/separate/3D_rotation/easy/question_0862_Q.png        ,                                                                             ,                                                                       , images/synthetic/separate/3D_rotation/easy/question_0862_A0.png       , images/synthetic/separate/3D_rotation/easy/question_0862_A1.png       , images/synthetic/separate/3D_rotation/easy/question_0862_A2.png       , images/synthetic/separate/3D_rotation/easy/question_0862_A3.png
Look at the 3D structure above. Choose which option below shows the same structure from a different angle.                                                                                                                                                             , "A, B, C, D"      , C     , 3D Rotation     , images/synthetic/merged/3D_rotation/easy/merged_question_0563.png                , easy      , synthetic, Intrinsic-Dynamic, images/synthetic/separate/3D_rotation/easy/question_0563_Q.png        ,                                                                             ,                                                                       , images/synthetic/separate/3D_rotation/easy/question_0563_A0.png       , images/synthetic/separate/3D_rotation/easy/question_0563_A1.png       , images/synthetic/separate/3D_rotation/easy/question_0563_A2.png       , images/synthetic/separate/3D_rotation/easy/question_0563_A3.png
"Look at the 3D shape above. After rotating the shape in your mind, choose the option below that matches it exactly."                                                                                                                                                  , "A, B, C, D"      , D     , 3D Rotation     , images/synthetic/merged/3D_rotation/easy/merged_question_0805.png                , easy      , synthetic, Intrinsic-Dynamic, images/synthetic/separate/3D_rotation/easy/question_0805_Q.png        ,                                                                             ,                                                                       , images/synthetic/separate/3D_rotation/easy/question_0805_A0.png       , images/synthetic/separate/3D_rotation/easy/question_0805_A1.png       , images/synthetic/separate/3D_rotation/easy/question_0805_A2.png       , images/synthetic/separate/3D_rotation/easy/question_0805_A3.png
Imagine rotating the 3D structure shown above along one or more axes. Which of the options below is a view of the same structure from a new angle?                                                                                                                     , "A, B, C, D"      , D     , 3D Rotation     , images/synthetic/merged/3D_rotation/easy/merged_question_0904.png                , easy      , synthetic, Intrinsic-Dynamic, images/synthetic/separate/3D_rotation/easy/question_0904_Q.png        ,                                                                             ,                                                                       , images/synthetic/separate/3D_rotation/easy/question_0904_A0.png       , images/synthetic/separate/3D_rotation/easy/question_0904_A1.png       , images/synthetic/separate/3D_rotation/easy/question_0904_A2.png       , images/synthetic/separate/3D_rotation/easy/question_0904_A3.png
"Look at the 3D shape above. After rotating the shape in your mind, choose the option below that matches it exactly."                                                                                                                                                  , "A, B, C, D"      , A     , 3D Rotation     , images/synthetic/merged/3D_rotation/easy/merged_question_0753.png                , easy      , synthetic, Intrinsic-Dynamic, images/synthetic/separate/3D_rotation/easy/question_0753_Q.png        ,                                                                             ,                                                                       , images/synthetic/separate/3D_rotation/easy/question_0753_A0.png       , images/synthetic/separate/3D_rotation/easy/question_0753_A1.png       , images/synthetic/separate/3D_rotation/easy/question_0753_A2.png       , images/synthetic/separate/3D_rotation/easy/question_0753_A3.png
"The 3D object in the question is shown from a specific viewpoint. One of the options below is the same object, just rotated. Which one is the most likely one?"                                                                                                       , "A, B, C, D"      , A     , 3D Rotation     , images/synthetic/merged/3D_rotation/easy/merged_question_0772.png                , easy      , synthetic, Intrinsic-Dynamic, images/synthetic/separate/3D_rotation/easy/question_0772_Q.png        ,                                                                             ,                                                                       , images/synthetic/separate/3D_rotation/easy/question_0772_A0.png       , images/synthetic/separate/3D_rotation/easy/question_0772_A1.png       , images/synthetic/separate/3D_rotation/easy/question_0772_A2.png       , images/synthetic/separate/3D_rotation/easy/question_0772_A3.png
Look at the 3D structure above. Choose which option below shows the same structure from a different angle.                                                                                                                                                             , "A, B, C, D"      , C     , 3D Rotation     , images/synthetic/merged/3D_rotation/easy/merged_question_0891.png                , easy      , synthetic, Intrinsic-Dynamic, images/synthetic/separate/3D_rotation/easy/question_0891_Q.png        ,                                                                             ,                                                                       , images/synthetic/separate/3D_rotation/easy/question_0891_A0.png       , images/synthetic/separate/3D_rotation/easy/question_0891_A1.png       , images/synthetic/separate/3D_rotation/easy/question_0891_A2.png       , images/synthetic/separate/3D_rotation/easy/question_0891_A3.png
Look at the 3D structure above. Choose which option below shows the same structure from a different angle.                                                                                                                                                             , "A, B, C, D"      , C     , 3D Rotation     , images/synthetic/merged/3D_rotation/hard/merged_question_0645.png                , hard      , synthetic, Intrinsic-Dynamic, images/synthetic/separate/3D_rotation/hard/question_0645_Q.png        ,                                                                             ,                                                                       , images/synthetic/separate/3D_rotation/hard/question_0645_A0.png       , images/synthetic/separate/3D_rotation/hard/question_0645_A1.png       , images/synthetic/separate/3D_rotation/hard/question_0645_A2.png       , images/synthetic/separate/3D_rotation/hard/question_0645_A3.png
Imagine rotating the 3D structure shown above along one or more axes. Which of the options below is a view of the same structure from a new angle?                                                                                                                     , "A, B, C, D"      , D     , 3D Rotation     , images/synthetic/merged/3D_rotation/hard/merged_question_0474.png                , hard      , synthetic, Intrinsic-Dynamic, images/synthetic/separate/3D_rotation/hard/question_0474_Q.png        ,                                                                             ,                                                                       , images/synthetic/separate/3D_rotation/hard/question_0474_A0.png       , images/synthetic/separate/3D_rotation/hard/question_0474_A1.png       , images/synthetic/separate/3D_rotation/hard/question_0474_A2.png       , images/synthetic/separate/3D_rotation/hard/question_0474_A3.png
"Look at the 3D shape above. After rotating the shape in your mind, choose the option below that matches it exactly."                                                                                                                                                  , "A, B, C, D"      , C     , 3D Rotation     , images/synthetic/merged/3D_rotation/hard/merged_question_0621.png                , hard      , synthetic, Intrinsic-Dynamic, images/synthetic/separate/3D_rotation/hard/question_0621_Q.png        ,                                                                             ,                                                                       , images/synthetic/separate/3D_rotation/hard/question_0621_A0.png       , images/synthetic/separate/3D_rotation/hard/question_0621_A1.png       , images/synthetic/separate/3D_rotation/hard/question_0621_A2.png       , images/synthetic/separate/3D_rotation/hard/question_0621_A3.png
Look at the 3D structure above. Choose which option below shows the same structure from a different angle.                                                                                                                                                             , "A, B, C, D"      , B     , 3D Rotation     , images/synthetic/merged/3D_rotation/hard/merged_question_0842.png                , hard      , synthetic, Intrinsic-Dynamic, images/synthetic/separate/3D_rotation/hard/question_0842_Q.png        ,                                                                             ,                                                                       , images/synthetic/separate/3D_rotation/hard/question_0842_A0.png       , images/synthetic/separate/3D_rotation/hard/question_0842_A1.png       , images/synthetic/separate/3D_rotation/hard/question_0842_A2.png       , images/synthetic/separate/3D_rotation/hard/question_0842_A3.png
"The 3D object in the question is shown from a specific viewpoint. One of the options below is the same object, just rotated. Which one is the most likely one?"                                                                                                       , "A, B, C, D"      , D     , 3D Rotation     , images/synthetic/merged/3D_rotation/hard/merged_question_0656.png                , hard      , synthetic, Intrinsic-Dynamic, images/synthetic/separate/3D_rotation/hard/question_0656_Q.png        ,                                                                             ,                                                                       , images/synthetic/separate/3D_rotation/hard/question_0656_A0.png       , images/synthetic/separate/3D_rotation/hard/question_0656_A1.png       , images/synthetic/separate/3D_rotation/hard/question_0656_A2.png       , images/synthetic/separate/3D_rotation/hard/question_0656_A3.png
"Look at the 3D shape above. After rotating the shape in your mind, choose the option below that matches it exactly."                                                                                                                                                  , "A, B, C, D"      , D     , 3D Rotation     , images/synthetic/merged/3D_rotation/hard/merged_question_0855.png                , hard      , synthetic, Intrinsic-Dynamic, images/synthetic/separate/3D_rotation/hard/question_0855_Q.png        ,                                                                             ,                                                                       , images/synthetic/separate/3D_rotation/hard/question_0855_A0.png       , images/synthetic/separate/3D_rotation/hard/question_0855_A1.png       , images/synthetic/separate/3D_rotation/hard/question_0855_A2.png       , images/synthetic/separate/3D_rotation/hard/question_0855_A3.png
"Look at the 3D shape above. After rotating the shape in your mind, choose the option below that matches it exactly."                                                                                                                                                  , "A, B, C, D"      , D     , 3D Rotation     , images/synthetic/merged/3D_rotation/hard/merged_question_0717.png                , hard      , synthetic, Intrinsic-Dynamic, images/synthetic/separate/3D_rotation/hard/question_0717_Q.png        ,                                                                             ,                                                                       , images/synthetic/separate/3D_rotation/hard/question_0717_A0.png       , images/synthetic/separate/3D_rotation/hard/question_0717_A1.png       , images/synthetic/separate/3D_rotation/hard/question_0717_A2.png       , images/synthetic/separate/3D_rotation/hard/question_0717_A3.png
"The 3D object in the question is shown from a specific viewpoint. One of the options below is the same object, just rotated. Which one is the most likely one?"                                                                                                       , "A, B, C, D"      , A     , 3D Rotation     , images/synthetic/merged/3D_rotation/hard/merged_question_0578.png                , hard      , synthetic, Intrinsic-Dynamic, images/synthetic/separate/3D_rotation/hard/question_0578_Q.png        ,                                                                             ,                                                                       , images/synthetic/separate/3D_rotation/hard/question_0578_A0.png       , images/synthetic/separate/3D_rotation/hard/question_0578_A1.png       , images/synthetic/separate/3D_rotation/hard/question_0578_A2.png       , images/synthetic/separate/3D_rotation/hard/question_0578_A3.png
"The 3D object in the question is shown from a specific viewpoint. One of the options below is the same object, just rotated. Which one is the most likely one?"                                                                                                       , "A, B, C, D"      , C     , 3D Rotation     , images/synthetic/merged/3D_rotation/hard/merged_question_0623.png                , hard      , synthetic, Intrinsic-Dynamic, images/synthetic/separate/3D_rotation/hard/question_0623_Q.png        ,                                                                             ,                                                                       , images/synthetic/separate/3D_rotation/hard/question_0623_A0.png       , images/synthetic/separate/3D_rotation/hard/question_0623_A1.png       , images/synthetic/separate/3D_rotation/hard/question_0623_A2.png       , images/synthetic/separate/3D_rotation/hard/question_0623_A3.png
Imagine rotating the 3D structure shown above along one or more axes. Which of the options below is a view of the same structure from a new angle?                                                                                                                     , "A, B, C, D"      , A     , 3D Rotation     , images/synthetic/merged/3D_rotation/hard/merged_question_0495.png                , hard      , synthetic, Intrinsic-Dynamic, images/synthetic/separate/3D_rotation/hard/question_0495_Q.png        ,                                                                             ,                                                                       , images/synthetic/separate/3D_rotation/hard/question_0495_A0.png       , images/synthetic/separate/3D_rotation/hard/question_0495_A1.png       , images/synthetic/separate/3D_rotation/hard/question_0495_A2.png       , images/synthetic/separate/3D_rotation/hard/question_0495_A3.png
Imagine rotating the 3D structure shown above along one or more axes. Which of the options below is a view of the same structure from a new angle?                                                                                                                     , "A, B, C, D"      , B     , 3D Rotation     , images/synthetic/merged/3D_rotation/hard/merged_question_0238.png                , hard      , synthetic, Intrinsic-Dynamic, images/synthetic/separate/3D_rotation/hard/question_0238_Q.png        ,                                                                             ,                                                                       , images/synthetic/separate/3D_rotation/hard/question_0238_A0.png       , images/synthetic/separate/3D_rotation/hard/question_0238_A1.png       , images/synthetic/separate/3D_rotation/hard/question_0238_A2.png       , images/synthetic/separate/3D_rotation/hard/question_0238_A3.png
"The figure above shows a structure made of blocks. Options A, B, C, and D below show the structure from different viewpoints or may be different structures. Please select the option that matches the figure above."                                                 , "A, B, C, D"      , B     , 3D Rotation     , images/synthetic/merged/3D_rotation/hard/merged_question_0443.png                , hard      , synthetic, Intrinsic-Dynamic, images/synthetic/separate/3D_rotation/hard/question_0443_Q.png        ,                                                                             ,                                                                       , images/synthetic/separate/3D_rotation/hard/question_0443_A0.png       , images/synthetic/separate/3D_rotation/hard/question_0443_A1.png       , images/synthetic/separate/3D_rotation/hard/question_0443_A2.png       , images/synthetic/separate/3D_rotation/hard/question_0443_A3.png
"The 3D object in the question is shown from a specific viewpoint. One of the options below is the same object, just rotated. Which one is the most likely one?"                                                                                                       , "A, B, C, D"      , D     , 3D Rotation     , images/synthetic/merged/3D_rotation/hard/merged_question_0927.png                , hard      , synthetic, Intrinsic-Dynamic, images/synthetic/separate/3D_rotation/hard/question_0927_Q.png        ,                                                                             ,                                                                       , images/synthetic/separate/3D_rotation/hard/question_0927_A0.png       , images/synthetic/separate/3D_rotation/hard/question_0927_A1.png       , images/synthetic/separate/3D_rotation/hard/question_0927_A2.png       , images/synthetic/separate/3D_rotation/hard/question_0927_A3.png
Imagine rotating the 3D structure shown above along one or more axes. Which of the options below is a view of the same structure from a new angle?                                                                                                                     , "A, B, C, D"      , A     , 3D Rotation     , images/synthetic/merged/3D_rotation/hard/merged_question_0437.png                , hard      , synthetic, Intrinsic-Dynamic, images/synthetic/separate/3D_rotation/hard/question_0437_Q.png        ,                                                                             ,                                                                       , images/synthetic/separate/3D_rotation/hard/question_0437_A0.png       , images/synthetic/separate/3D_rotation/hard/question_0437_A1.png       , images/synthetic/separate/3D_rotation/hard/question_0437_A2.png       , images/synthetic/separate/3D_rotation/hard/question_0437_A3.png
"The figure above shows a structure made of blocks. Options A, B, C, and D below show the structure from different viewpoints or may be different structures. Please select the option that matches the figure above."                                                 , "A, B, C, D"      , B     , 3D Rotation     , images/synthetic/merged/3D_rotation/hard/merged_question_0479.png                , hard      , synthetic, Intrinsic-Dynamic, images/synthetic/separate/3D_rotation/hard/question_0479_Q.png        ,                                                                             ,                                                                       , images/synthetic/separate/3D_rotation/hard/question_0479_A0.png       , images/synthetic/separate/3D_rotation/hard/question_0479_A1.png       , images/synthetic/separate/3D_rotation/hard/question_0479_A2.png       , images/synthetic/separate/3D_rotation/hard/question_0479_A3.png
"The figure above shows a structure made of blocks. Options A, B, C, and D below show the structure from different viewpoints or may be different structures. Please select the option that matches the figure above."                                                 , "A, B, C, D"      , A     , 3D Rotation     , images/synthetic/merged/3D_rotation/hard/merged_question_0749.png                , hard      , synthetic, Intrinsic-Dynamic, images/synthetic/separate/3D_rotation/hard/question_0749_Q.png        ,                                                                             ,                                                                       , images/synthetic/separate/3D_rotation/hard/question_0749_A0.png       , images/synthetic/separate/3D_rotation/hard/question_0749_A1.png       , images/synthetic/separate/3D_rotation/hard/question_0749_A2.png       , images/synthetic/separate/3D_rotation/hard/question_0749_A3.png
"The figure above shows a structure made of blocks. Options A, B, C, and D below show the structure from different viewpoints or may be different structures. Please select the option that matches the figure above."                                                 , "A, B, C, D"      , B     , 3D Rotation     , images/synthetic/merged/3D_rotation/hard/merged_question_0456.png                , hard      , synthetic, Intrinsic-Dynamic, images/synthetic/separate/3D_rotation/hard/question_0456_Q.png        ,                                                                             ,                                                                       , images/synthetic/separate/3D_rotation/hard/question_0456_A0.png       , images/synthetic/separate/3D_rotation/hard/question_0456_A1.png       , images/synthetic/separate/3D_rotation/hard/question_0456_A2.png       , images/synthetic/separate/3D_rotation/hard/question_0456_A3.png
Look at the 3D structure above. Choose which option below shows the same structure from a different angle.                                                                                                                                                             , "A, B, C, D"      , D     , 3D Rotation     , images/synthetic/merged/3D_rotation/hard/merged_question_0307.png                , hard      , synthetic, Intrinsic-Dynamic, images/synthetic/separate/3D_rotation/hard/question_0307_Q.png        ,                                                                             ,                                                                       , images/synthetic/separate/3D_rotation/hard/question_0307_A0.png       , images/synthetic/separate/3D_rotation/hard/question_0307_A1.png       , images/synthetic/separate/3D_rotation/hard/question_0307_A2.png       , images/synthetic/separate/3D_rotation/hard/question_0307_A3.png
"The figure above shows a structure made of blocks. Options A, B, C, and D below show the structure from different viewpoints or may be different structures. Please select the option that matches the figure above."                                                 , "A, B, C, D"      , B     , 3D Rotation     , images/synthetic/merged/3D_rotation/hard/merged_question_0515.png                , hard      , synthetic, Intrinsic-Dynamic, images/synthetic/separate/3D_rotation/hard/question_0515_Q.png        ,                                                                             ,                                                                       , images/synthetic/separate/3D_rotation/hard/question_0515_A0.png       , images/synthetic/separate/3D_rotation/hard/question_0515_A1.png       , images/synthetic/separate/3D_rotation/hard/question_0515_A2.png       , images/synthetic/separate/3D_rotation/hard/question_0515_A3.png
"The figure above shows a structure made of blocks. Options A, B, C, and D below show the structure from different viewpoints or may be different structures. Please select the option that matches the figure above."                                                 , "A, B, C, D"      , D     , 3D Rotation     , images/synthetic/merged/3D_rotation/medium/merged_question_0644.png              , medium    , synthetic, Intrinsic-Dynamic, images/synthetic/separate/3D_rotation/medium/question_0644_Q.png      ,                                                                             ,                                                                       , images/synthetic/separate/3D_rotation/medium/question_0644_A0.png     , images/synthetic/separate/3D_rotation/medium/question_0644_A1.png     , images/synthetic/separate/3D_rotation/medium/question_0644_A2.png     , images/synthetic/separate/3D_rotation/medium/question_0644_A3.png
"Look at the 3D shape above. After rotating the shape in your mind, choose the option below that matches it exactly."                                                                                                                                                  , "A, B, C, D"      , D     , 3D Rotation     , images/synthetic/merged/3D_rotation/medium/merged_question_0504.png              , medium    , synthetic, Intrinsic-Dynamic, images/synthetic/separate/3D_rotation/medium/question_0504_Q.png      ,                                                                             ,                                                                       , images/synthetic/separate/3D_rotation/medium/question_0504_A0.png     , images/synthetic/separate/3D_rotation/medium/question_0504_A1.png     , images/synthetic/separate/3D_rotation/medium/question_0504_A2.png     , images/synthetic/separate/3D_rotation/medium/question_0504_A3.png
"Look at the 3D shape above. After rotating the shape in your mind, choose the option below that matches it exactly."                                                                                                                                                  , "A, B, C, D"      , C     , 3D Rotation     , images/synthetic/merged/3D_rotation/medium/merged_question_0891.png              , medium    , synthetic, Intrinsic-Dynamic, images/synthetic/separate/3D_rotation/medium/question_0891_Q.png      ,                                                                             ,                                                                       , images/synthetic/separate/3D_rotation/medium/question_0891_A0.png     , images/synthetic/separate/3D_rotation/medium/question_0891_A1.png     , images/synthetic/separate/3D_rotation/medium/question_0891_A2.png     , images/synthetic/separate/3D_rotation/medium/question_0891_A3.png
"The 3D object in the question is shown from a specific viewpoint. One of the options below is the same object, just rotated. Which one is the most likely one?"                                                                                                       , "A, B, C, D"      , A     , 3D Rotation     , images/synthetic/merged/3D_rotation/medium/merged_question_0372.png              , medium    , synthetic, Intrinsic-Dynamic, images/synthetic/separate/3D_rotation/medium/question_0372_Q.png      ,                                                                             ,                                                                       , images/synthetic/separate/3D_rotation/medium/question_0372_A0.png     , images/synthetic/separate/3D_rotation/medium/question_0372_A1.png     , images/synthetic/separate/3D_rotation/medium/question_0372_A2.png     , images/synthetic/separate/3D_rotation/medium/question_0372_A3.png
Look at the 3D structure above. Choose which option below shows the same structure from a different angle.                                                                                                                                                             , "A, B, C, D"      , A     , 3D Rotation     , images/synthetic/merged/3D_rotation/medium/merged_question_0767.png              , medium    , synthetic, Intrinsic-Dynamic, images/synthetic/separate/3D_rotation/medium/question_0767_Q.png      ,                                                                             ,                                                                       , images/synthetic/separate/3D_rotation/medium/question_0767_A0.png     , images/synthetic/separate/3D_rotation/medium/question_0767_A1.png     , images/synthetic/separate/3D_rotation/medium/question_0767_A2.png     , images/synthetic/separate/3D_rotation/medium/question_0767_A3.png
"The 3D object in the question is shown from a specific viewpoint. One of the options below is the same object, just rotated. Which one is the most likely one?"                                                                                                       , "A, B, C, D"      , D     , 3D Rotation     , images/synthetic/merged/3D_rotation/medium/merged_question_0539.png              , medium    , synthetic, Intrinsic-Dynamic, images/synthetic/separate/3D_rotation/medium/question_0539_Q.png      ,                                                                             ,                                                                       , images/synthetic/separate/3D_rotation/medium/question_0539_A0.png     , images/synthetic/separate/3D_rotation/medium/question_0539_A1.png     , images/synthetic/separate/3D_rotation/medium/question_0539_A2.png     , images/synthetic/separate/3D_rotation/medium/question_0539_A3.png
Look at the 3D structure above. Choose which option below shows the same structure from a different angle.                                                                                                                                                             , "A, B, C, D"      , B     , 3D Rotation     , images/synthetic/merged/3D_rotation/medium/merged_question_0335.png              , medium    , synthetic, Intrinsic-Dynamic, images/synthetic/separate/3D_rotation/medium/question_0335_Q.png      ,                                                                             ,                                                                       , images/synthetic/separate/3D_rotation/medium/question_0335_A0.png     , images/synthetic/separate/3D_rotation/medium/question_0335_A1.png     , images/synthetic/separate/3D_rotation/medium/question_0335_A2.png     , images/synthetic/separate/3D_rotation/medium/question_0335_A3.png
"The 3D object in the question is shown from a specific viewpoint. One of the options below is the same object, just rotated. Which one is the most likely one?"                                                                                                       , "A, B, C, D"      , B     , 3D Rotation     , images/synthetic/merged/3D_rotation/medium/merged_question_0430.png              , medium    , synthetic, Intrinsic-Dynamic, images/synthetic/separate/3D_rotation/medium/question_0430_Q.png      ,                                                                             ,                                                                       , images/synthetic/separate/3D_rotation/medium/question_0430_A0.png     , images/synthetic/separate/3D_rotation/medium/question_0430_A1.png     , images/synthetic/separate/3D_rotation/medium/question_0430_A2.png     , images/synthetic/separate/3D_rotation/medium/question_0430_A3.png
"The figure above shows a structure made of blocks. Options A, B, C, and D below show the structure from different viewpoints or may be different structures. Please select the option that matches the figure above."                                                 , "A, B, C, D"      , C     , 3D Rotation     , images/synthetic/merged/3D_rotation/medium/merged_question_0777.png              , medium    , synthetic, Intrinsic-Dynamic, images/synthetic/separate/3D_rotation/medium/question_0777_Q.png      ,                                                                             ,                                                                       , images/synthetic/separate/3D_rotation/medium/question_0777_A0.png     , images/synthetic/separate/3D_rotation/medium/question_0777_A1.png     , images/synthetic/separate/3D_rotation/medium/question_0777_A2.png     , images/synthetic/separate/3D_rotation/medium/question_0777_A3.png
Look at the 3D structure above. Choose which option below shows the same structure from a different angle.                                                                                                                                                             , "A, B, C, D"      , A     , 3D Rotation     , images/synthetic/merged/3D_rotation/medium/merged_question_0243.png              , medium    , synthetic, Intrinsic-Dynamic, images/synthetic/separate/3D_rotation/medium/question_0243_Q.png      ,                                                                             ,                                                                       , images/synthetic/separate/3D_rotation/medium/question_0243_A0.png     , images/synthetic/separate/3D_rotation/medium/question_0243_A1.png     , images/synthetic/separate/3D_rotation/medium/question_0243_A2.png     , images/synthetic/separate/3D_rotation/medium/question_0243_A3.png
"The figure above shows a structure made of blocks. Options A, B, C, and D below show the structure from different viewpoints or may be different structures. Please select the option that matches the figure above."                                                 , "A, B, C, D"      , A     , 3D Rotation     , images/synthetic/merged/3D_rotation/medium/merged_question_0275.png              , medium    , synthetic, Intrinsic-Dynamic, images/synthetic/separate/3D_rotation/medium/question_0275_Q.png      ,                                                                             ,                                                                       , images/synthetic/separate/3D_rotation/medium/question_0275_A0.png     , images/synthetic/separate/3D_rotation/medium/question_0275_A1.png     , images/synthetic/separate/3D_rotation/medium/question_0275_A2.png     , images/synthetic/separate/3D_rotation/medium/question_0275_A3.png
"Look at the 3D shape above. After rotating the shape in your mind, choose the option below that matches it exactly."                                                                                                                                                  , "A, B, C, D"      , D     , 3D Rotation     , images/synthetic/merged/3D_rotation/medium/merged_question_0351.png              , medium    , synthetic, Intrinsic-Dynamic, images/synthetic/separate/3D_rotation/medium/question_0351_Q.png      ,                                                                             ,                                                                       , images/synthetic/separate/3D_rotation/medium/question_0351_A0.png     , images/synthetic/separate/3D_rotation/medium/question_0351_A1.png     , images/synthetic/separate/3D_rotation/medium/question_0351_A2.png     , images/synthetic/separate/3D_rotation/medium/question_0351_A3.png
Look at the 3D structure above. Choose which option below shows the same structure from a different angle.                                                                                                                                                             , "A, B, C, D"      , D     , 3D Rotation     , images/synthetic/merged/3D_rotation/medium/merged_question_0709.png              , medium    , synthetic, Intrinsic-Dynamic, images/synthetic/separate/3D_rotation/medium/question_0709_Q.png      ,                                                                             ,                                                                       , images/synthetic/separate/3D_rotation/medium/question_0709_A0.png     , images/synthetic/separate/3D_rotation/medium/question_0709_A1.png     , images/synthetic/separate/3D_rotation/medium/question_0709_A2.png     , images/synthetic/separate/3D_rotation/medium/question_0709_A3.png
Look at the 3D structure above. Choose which option below shows the same structure from a different angle.                                                                                                                                                             , "A, B, C, D"      , C     , 3D Rotation     , images/synthetic/merged/3D_rotation/medium/merged_question_0375.png              , medium    , synthetic, Intrinsic-Dynamic, images/synthetic/separate/3D_rotation/medium/question_0375_Q.png      ,                                                                             ,                                                                       , images/synthetic/separate/3D_rotation/medium/question_0375_A0.png     , images/synthetic/separate/3D_rotation/medium/question_0375_A1.png     , images/synthetic/separate/3D_rotation/medium/question_0375_A2.png     , images/synthetic/separate/3D_rotation/medium/question_0375_A3.png
"The 3D object in the question is shown from a specific viewpoint. One of the options below is the same object, just rotated. Which one is the most likely one?"                                                                                                       , "A, B, C, D"      , A     , 3D Rotation     , images/synthetic/merged/3D_rotation/medium/merged_question_0420.png              , medium    , synthetic, Intrinsic-Dynamic, images/synthetic/separate/3D_rotation/medium/question_0420_Q.png      ,                                                                             ,                                                                       , images/synthetic/separate/3D_rotation/medium/question_0420_A0.png     , images/synthetic/separate/3D_rotation/medium/question_0420_A1.png     , images/synthetic/separate/3D_rotation/medium/question_0420_A2.png     , images/synthetic/separate/3D_rotation/medium/question_0420_A3.png
"The figure above shows a structure made of blocks. Options A, B, C, and D below show the structure from different viewpoints or may be different structures. Please select the option that matches the figure above."                                                 , "A, B, C, D"      , A     , 3D Rotation     , images/synthetic/merged/3D_rotation/medium/merged_question_0495.png              , medium    , synthetic, Intrinsic-Dynamic, images/synthetic/separate/3D_rotation/medium/question_0495_Q.png      ,                                                                             ,                                                                       , images/synthetic/separate/3D_rotation/medium/question_0495_A0.png     , images/synthetic/separate/3D_rotation/medium/question_0495_A1.png     , images/synthetic/separate/3D_rotation/medium/question_0495_A2.png     , images/synthetic/separate/3D_rotation/medium/question_0495_A3.png
Imagine rotating the 3D structure shown above along one or more axes. Which of the options below is a view of the same structure from a new angle?                                                                                                                     , "A, B, C, D"      , D     , 3D Rotation     , images/synthetic/merged/3D_rotation/medium/merged_question_0491.png              , medium    , synthetic, Intrinsic-Dynamic, images/synthetic/separate/3D_rotation/medium/question_0491_Q.png      ,                                                                             ,                                                                       , images/synthetic/separate/3D_rotation/medium/question_0491_A0.png     , images/synthetic/separate/3D_rotation/medium/question_0491_A1.png     , images/synthetic/separate/3D_rotation/medium/question_0491_A2.png     , images/synthetic/separate/3D_rotation/medium/question_0491_A3.png
"The figure above shows a structure made of blocks. Options A, B, C, and D below show the structure from different viewpoints or may be different structures. Please select the option that matches the figure above."                                                 , "A, B, C, D"      , B     , 3D Rotation     , images/synthetic/merged/3D_rotation/medium/merged_question_0321.png              , medium    , synthetic, Intrinsic-Dynamic, images/synthetic/separate/3D_rotation/medium/question_0321_Q.png      ,                                                                             ,                                                                       , images/synthetic/separate/3D_rotation/medium/question_0321_A0.png     , images/synthetic/separate/3D_rotation/medium/question_0321_A1.png     , images/synthetic/separate/3D_rotation/medium/question_0321_A2.png     , images/synthetic/separate/3D_rotation/medium/question_0321_A3.png
Look at the 3D structure above. Choose which option below shows the same structure from a different angle.                                                                                                                                                             , "A, B, C, D"      , B     , 3D Rotation     , images/synthetic/merged/3D_rotation/medium/merged_question_0436.png              , medium    , synthetic, Intrinsic-Dynamic, images/synthetic/separate/3D_rotation/medium/question_0436_Q.png      ,                                                                             ,                                                                       , images/synthetic/separate/3D_rotation/medium/question_0436_A0.png     , images/synthetic/separate/3D_rotation/medium/question_0436_A1.png     , images/synthetic/separate/3D_rotation/medium/question_0436_A2.png     , images/synthetic/separate/3D_rotation/medium/question_0436_A3.png
"The images above show two different views of the same cube. According to these views, what is the most likely image on the blue face (marked in the third view)? Select the most likely one from the options below."                                                  , "A, B, C, D"      , A     , 3D Shape Finding, images/synthetic/merged/3D_shape_finding/easy/merged_question_question_0997.png  , easy      , synthetic, Intrinsic-Static , images/synthetic/separate/3D_shape_finding/easy/question_0997_V2.png  , images/synthetic/separate/3D_shape_finding/easy/question_0997_V0.png        , images/synthetic/separate/3D_shape_finding/easy/question_0997_V1.png  , images/synthetic/separate/3D_shape_finding/easy/question_0997_O0.png  , images/synthetic/separate/3D_shape_finding/easy/question_0997_O1.png  , images/synthetic/separate/3D_shape_finding/easy/question_0997_O2.png  , images/synthetic/separate/3D_shape_finding/easy/question_0997_O3.png
"Given the two views of the cube above, which image is most likely to be on the blue face as shown in the third view? Select the most likely one."                                                                                                                     , "A, B, C, D"      , A     , 3D Shape Finding, images/synthetic/merged/3D_shape_finding/easy/merged_question_question_0497.png  , easy      , synthetic, Intrinsic-Static , images/synthetic/separate/3D_shape_finding/easy/question_0497_V2.png  , images/synthetic/separate/3D_shape_finding/easy/question_0497_V0.png        , images/synthetic/separate/3D_shape_finding/easy/question_0497_V1.png  , images/synthetic/separate/3D_shape_finding/easy/question_0497_O0.png  , images/synthetic/separate/3D_shape_finding/easy/question_0497_O1.png  , images/synthetic/separate/3D_shape_finding/easy/question_0497_O2.png  , images/synthetic/separate/3D_shape_finding/easy/question_0497_O3.png
"Given the two views of the cube above, which image is most likely to be on the blue face as shown in the third view? Select the most likely one."                                                                                                                     , "A, B, C, D"      , B     , 3D Shape Finding, images/synthetic/merged/3D_shape_finding/easy/merged_question_question_0495.png  , easy      , synthetic, Intrinsic-Static , images/synthetic/separate/3D_shape_finding/easy/question_0495_V2.png  , images/synthetic/separate/3D_shape_finding/easy/question_0495_V0.png        , images/synthetic/separate/3D_shape_finding/easy/question_0495_V1.png  , images/synthetic/separate/3D_shape_finding/easy/question_0495_O0.png  , images/synthetic/separate/3D_shape_finding/easy/question_0495_O1.png  , images/synthetic/separate/3D_shape_finding/easy/question_0495_O2.png  , images/synthetic/separate/3D_shape_finding/easy/question_0495_O3.png
"The images above show two different views of the same cube. According to these views, what is the most likely image on the blue face (marked in the third view)? Select the most likely one from the options below."                                                  , "A, B, C, D"      , B     , 3D Shape Finding, images/synthetic/merged/3D_shape_finding/easy/merged_question_question_0559.png  , easy      , synthetic, Intrinsic-Static , images/synthetic/separate/3D_shape_finding/easy/question_0559_V2.png  , images/synthetic/separate/3D_shape_finding/easy/question_0559_V0.png        , images/synthetic/separate/3D_shape_finding/easy/question_0559_V1.png  , images/synthetic/separate/3D_shape_finding/easy/question_0559_O0.png  , images/synthetic/separate/3D_shape_finding/easy/question_0559_O1.png  , images/synthetic/separate/3D_shape_finding/easy/question_0559_O2.png  , images/synthetic/separate/3D_shape_finding/easy/question_0559_O3.png
"The images above show two different views of the same cube. According to these views, what is the most likely image on the blue face (marked in the third view)? Select the most likely one from the options below."                                                  , "A, B, C, D"      , B     , 3D Shape Finding, images/synthetic/merged/3D_shape_finding/easy/merged_question_question_0633.png  , easy      , synthetic, Intrinsic-Static , images/synthetic/separate/3D_shape_finding/easy/question_0633_V2.png  , images/synthetic/separate/3D_shape_finding/easy/question_0633_V0.png        , images/synthetic/separate/3D_shape_finding/easy/question_0633_V1.png  , images/synthetic/separate/3D_shape_finding/easy/question_0633_O0.png  , images/synthetic/separate/3D_shape_finding/easy/question_0633_O1.png  , images/synthetic/separate/3D_shape_finding/easy/question_0633_O2.png  , images/synthetic/separate/3D_shape_finding/easy/question_0633_O3.png
"The images above show two different views of the same cube. According to these views, what is the most likely image on the blue face (marked in the third view)? Select the most likely one from the options below."                                                  , "A, B, C, D"      , D     , 3D Shape Finding, images/synthetic/merged/3D_shape_finding/easy/merged_question_question_0519.png  , easy      , synthetic, Intrinsic-Static , images/synthetic/separate/3D_shape_finding/easy/question_0519_V2.png  , images/synthetic/separate/3D_shape_finding/easy/question_0519_V0.png        , images/synthetic/separate/3D_shape_finding/easy/question_0519_V1.png  , images/synthetic/separate/3D_shape_finding/easy/question_0519_O0.png  , images/synthetic/separate/3D_shape_finding/easy/question_0519_O1.png  , images/synthetic/separate/3D_shape_finding/easy/question_0519_O2.png  , images/synthetic/separate/3D_shape_finding/easy/question_0519_O3.png
"Given the two views of the cube above, which image is most likely to be on the blue face as shown in the third view? Select the most likely one."                                                                                                                     , "A, B, C, D"      , B     , 3D Shape Finding, images/synthetic/merged/3D_shape_finding/easy/merged_question_question_0870.png  , easy      , synthetic, Intrinsic-Static , images/synthetic/separate/3D_shape_finding/easy/question_0870_V2.png  , images/synthetic/separate/3D_shape_finding/easy/question_0870_V0.png        , images/synthetic/separate/3D_shape_finding/easy/question_0870_V1.png  , images/synthetic/separate/3D_shape_finding/easy/question_0870_O0.png  , images/synthetic/separate/3D_shape_finding/easy/question_0870_O1.png  , images/synthetic/separate/3D_shape_finding/easy/question_0870_O2.png  , images/synthetic/separate/3D_shape_finding/easy/question_0870_O3.png
"Given the two views of the cube above, which image is most likely to be on the blue face as shown in the third view? Select the most likely one."                                                                                                                     , "A, B, C, D"      , B     , 3D Shape Finding, images/synthetic/merged/3D_shape_finding/easy/merged_question_question_0821.png  , easy      , synthetic, Intrinsic-Static , images/synthetic/separate/3D_shape_finding/easy/question_0821_V2.png  , images/synthetic/separate/3D_shape_finding/easy/question_0821_V0.png        , images/synthetic/separate/3D_shape_finding/easy/question_0821_V1.png  , images/synthetic/separate/3D_shape_finding/easy/question_0821_O0.png  , images/synthetic/separate/3D_shape_finding/easy/question_0821_O1.png  , images/synthetic/separate/3D_shape_finding/easy/question_0821_O2.png  , images/synthetic/separate/3D_shape_finding/easy/question_0821_O3.png
"The images above show two different views of the same cube. According to these views, what is the most likely image on the blue face (marked in the third view)? Select the most likely one from the options below."                                                  , "A, B, C, D"      , D     , 3D Shape Finding, images/synthetic/merged/3D_shape_finding/easy/merged_question_question_0269.png  , easy      , synthetic, Intrinsic-Static , images/synthetic/separate/3D_shape_finding/easy/question_0269_V2.png  , images/synthetic/separate/3D_shape_finding/easy/question_0269_V0.png        , images/synthetic/separate/3D_shape_finding/easy/question_0269_V1.png  , images/synthetic/separate/3D_shape_finding/easy/question_0269_O0.png  , images/synthetic/separate/3D_shape_finding/easy/question_0269_O1.png  , images/synthetic/separate/3D_shape_finding/easy/question_0269_O2.png  , images/synthetic/separate/3D_shape_finding/easy/question_0269_O3.png
"Given the two views of the cube above, which image is most likely to be on the blue face as shown in the third view? Select the most likely one."                                                                                                                     , "A, B, C, D"      , C     , 3D Shape Finding, images/synthetic/merged/3D_shape_finding/easy/merged_question_question_0743.png  , easy      , synthetic, Intrinsic-Static , images/synthetic/separate/3D_shape_finding/easy/question_0743_V2.png  , images/synthetic/separate/3D_shape_finding/easy/question_0743_V0.png        , images/synthetic/separate/3D_shape_finding/easy/question_0743_V1.png  , images/synthetic/separate/3D_shape_finding/easy/question_0743_O0.png  , images/synthetic/separate/3D_shape_finding/easy/question_0743_O1.png  , images/synthetic/separate/3D_shape_finding/easy/question_0743_O2.png  , images/synthetic/separate/3D_shape_finding/easy/question_0743_O3.png
"The images above show two different views of the same cube. According to these views, what is the most likely image on the blue face (marked in the third view)? Select the most likely one from the options below."                                                  , "A, B, C, D"      , D     , 3D Shape Finding, images/synthetic/merged/3D_shape_finding/easy/merged_question_question_0288.png  , easy      , synthetic, Intrinsic-Static , images/synthetic/separate/3D_shape_finding/easy/question_0288_V2.png  , images/synthetic/separate/3D_shape_finding/easy/question_0288_V0.png        , images/synthetic/separate/3D_shape_finding/easy/question_0288_V1.png  , images/synthetic/separate/3D_shape_finding/easy/question_0288_O0.png  , images/synthetic/separate/3D_shape_finding/easy/question_0288_O1.png  , images/synthetic/separate/3D_shape_finding/easy/question_0288_O2.png  , images/synthetic/separate/3D_shape_finding/easy/question_0288_O3.png
"Given the two views of the cube above, which image is most likely to be on the blue face as shown in the third view? Select the most likely one."                                                                                                                     , "A, B, C, D"      , A     , 3D Shape Finding, images/synthetic/merged/3D_shape_finding/easy/merged_question_question_0443.png  , easy      , synthetic, Intrinsic-Static , images/synthetic/separate/3D_shape_finding/easy/question_0443_V2.png  , images/synthetic/separate/3D_shape_finding/easy/question_0443_V0.png        , images/synthetic/separate/3D_shape_finding/easy/question_0443_V1.png  , images/synthetic/separate/3D_shape_finding/easy/question_0443_O0.png  , images/synthetic/separate/3D_shape_finding/easy/question_0443_O1.png  , images/synthetic/separate/3D_shape_finding/easy/question_0443_O2.png  , images/synthetic/separate/3D_shape_finding/easy/question_0443_O3.png
"Given the two views of the cube above, which image is most likely to be on the blue face as shown in the third view? Select the most likely one."                                                                                                                     , "A, B, C, D"      , A     , 3D Shape Finding, images/synthetic/merged/3D_shape_finding/easy/merged_question_question_0953.png  , easy      , synthetic, Intrinsic-Static , images/synthetic/separate/3D_shape_finding/easy/question_0953_V2.png  , images/synthetic/separate/3D_shape_finding/easy/question_0953_V0.png        , images/synthetic/separate/3D_shape_finding/easy/question_0953_V1.png  , images/synthetic/separate/3D_shape_finding/easy/question_0953_O0.png  , images/synthetic/separate/3D_shape_finding/easy/question_0953_O1.png  , images/synthetic/separate/3D_shape_finding/easy/question_0953_O2.png  , images/synthetic/separate/3D_shape_finding/easy/question_0953_O3.png
"Given the two views of the cube above, which image is most likely to be on the blue face as shown in the third view? Select the most likely one."                                                                                                                     , "A, B, C, D"      , D     , 3D Shape Finding, images/synthetic/merged/3D_shape_finding/easy/merged_question_question_0388.png  , easy      , synthetic, Intrinsic-Static , images/synthetic/separate/3D_shape_finding/easy/question_0388_V2.png  , images/synthetic/separate/3D_shape_finding/easy/question_0388_V0.png        , images/synthetic/separate/3D_shape_finding/easy/question_0388_V1.png  , images/synthetic/separate/3D_shape_finding/easy/question_0388_O0.png  , images/synthetic/separate/3D_shape_finding/easy/question_0388_O1.png  , images/synthetic/separate/3D_shape_finding/easy/question_0388_O2.png  , images/synthetic/separate/3D_shape_finding/easy/question_0388_O3.png
"The images above show two different views of the same cube. According to these views, what is the most likely image on the blue face (marked in the third view)? Select the most likely one from the options below."                                                  , "A, B, C, D"      , A     , 3D Shape Finding, images/synthetic/merged/3D_shape_finding/easy/merged_question_question_0638.png  , easy      , synthetic, Intrinsic-Static , images/synthetic/separate/3D_shape_finding/easy/question_0638_V2.png  , images/synthetic/separate/3D_shape_finding/easy/question_0638_V0.png        , images/synthetic/separate/3D_shape_finding/easy/question_0638_V1.png  , images/synthetic/separate/3D_shape_finding/easy/question_0638_O0.png  , images/synthetic/separate/3D_shape_finding/easy/question_0638_O1.png  , images/synthetic/separate/3D_shape_finding/easy/question_0638_O2.png  , images/synthetic/separate/3D_shape_finding/easy/question_0638_O3.png
"Given the two views of the cube above, which image is most likely to be on the blue face as shown in the third view? Select the most likely one."                                                                                                                     , "A, B, C, D"      , C     , 3D Shape Finding, images/synthetic/merged/3D_shape_finding/easy/merged_question_question_0408.png  , easy      , synthetic, Intrinsic-Static , images/synthetic/separate/3D_shape_finding/easy/question_0408_V2.png  , images/synthetic/separate/3D_shape_finding/easy/question_0408_V0.png        , images/synthetic/separate/3D_shape_finding/easy/question_0408_V1.png  , images/synthetic/separate/3D_shape_finding/easy/question_0408_O0.png  , images/synthetic/separate/3D_shape_finding/easy/question_0408_O1.png  , images/synthetic/separate/3D_shape_finding/easy/question_0408_O2.png  , images/synthetic/separate/3D_shape_finding/easy/question_0408_O3.png
"Given the two views of the cube above, which image is most likely to be on the blue face as shown in the third view? Select the most likely one."                                                                                                                     , "A, B, C, D"      , C     , 3D Shape Finding, images/synthetic/merged/3D_shape_finding/easy/merged_question_question_0937.png  , easy      , synthetic, Intrinsic-Static , images/synthetic/separate/3D_shape_finding/easy/question_0937_V2.png  , images/synthetic/separate/3D_shape_finding/easy/question_0937_V0.png        , images/synthetic/separate/3D_shape_finding/easy/question_0937_V1.png  , images/synthetic/separate/3D_shape_finding/easy/question_0937_O0.png  , images/synthetic/separate/3D_shape_finding/easy/question_0937_O1.png  , images/synthetic/separate/3D_shape_finding/easy/question_0937_O2.png  , images/synthetic/separate/3D_shape_finding/easy/question_0937_O3.png
"Given the two views of the cube above, which image is most likely to be on the blue face as shown in the third view? Select the most likely one."                                                                                                                     , "A, B, C, D"      , A     , 3D Shape Finding, images/synthetic/merged/3D_shape_finding/easy/merged_question_question_0946.png  , easy      , synthetic, Intrinsic-Static , images/synthetic/separate/3D_shape_finding/easy/question_0946_V2.png  , images/synthetic/separate/3D_shape_finding/easy/question_0946_V0.png        , images/synthetic/separate/3D_shape_finding/easy/question_0946_V1.png  , images/synthetic/separate/3D_shape_finding/easy/question_0946_O0.png  , images/synthetic/separate/3D_shape_finding/easy/question_0946_O1.png  , images/synthetic/separate/3D_shape_finding/easy/question_0946_O2.png  , images/synthetic/separate/3D_shape_finding/easy/question_0946_O3.png
"Given the two views of the cube above, which image is most likely to be on the blue face as shown in the third view? Select the most likely one."                                                                                                                     , "A, B, C, D"      , C     , 3D Shape Finding, images/synthetic/merged/3D_shape_finding/easy/merged_question_question_0313.png  , easy      , synthetic, Intrinsic-Static , images/synthetic/separate/3D_shape_finding/easy/question_0313_V2.png  , images/synthetic/separate/3D_shape_finding/easy/question_0313_V0.png        , images/synthetic/separate/3D_shape_finding/easy/question_0313_V1.png  , images/synthetic/separate/3D_shape_finding/easy/question_0313_O0.png  , images/synthetic/separate/3D_shape_finding/easy/question_0313_O1.png  , images/synthetic/separate/3D_shape_finding/easy/question_0313_O2.png  , images/synthetic/separate/3D_shape_finding/easy/question_0313_O3.png
"Given the two views of the cube above, which image is most likely to be on the blue face as shown in the third view? Select the most likely one."                                                                                                                     , "A, B, C, D"      , A     , 3D Shape Finding, images/synthetic/merged/3D_shape_finding/easy/merged_question_question_0399.png  , easy      , synthetic, Intrinsic-Static , images/synthetic/separate/3D_shape_finding/easy/question_0399_V2.png  , images/synthetic/separate/3D_shape_finding/easy/question_0399_V0.png        , images/synthetic/separate/3D_shape_finding/easy/question_0399_V1.png  , images/synthetic/separate/3D_shape_finding/easy/question_0399_O0.png  , images/synthetic/separate/3D_shape_finding/easy/question_0399_O1.png  , images/synthetic/separate/3D_shape_finding/easy/question_0399_O2.png  , images/synthetic/separate/3D_shape_finding/easy/question_0399_O3.png
"The images above show two different views of the same cube. According to these views, what is the most likely image on the blue face (marked in the third view)? Select the most likely one from the options below."                                                  , "A, B, C, D"      , B     , 3D Shape Finding, images/synthetic/merged/3D_shape_finding/hard/merged_question_question_0605.png  , hard      , synthetic, Intrinsic-Static , images/synthetic/separate/3D_shape_finding/hard/question_0605_V2.png  , images/synthetic/separate/3D_shape_finding/hard/question_0605_V0.png        , images/synthetic/separate/3D_shape_finding/hard/question_0605_V1.png  , images/synthetic/separate/3D_shape_finding/hard/question_0605_O0.png  , images/synthetic/separate/3D_shape_finding/hard/question_0605_O1.png  , images/synthetic/separate/3D_shape_finding/hard/question_0605_O2.png  , images/synthetic/separate/3D_shape_finding/hard/question_0605_O3.png
"Given the two views of the cube above, which image is most likely to be on the blue face as shown in the third view? Select the most likely one."                                                                                                                     , "A, B, C, D"      , A     , 3D Shape Finding, images/synthetic/merged/3D_shape_finding/hard/merged_question_question_0490.png  , hard      , synthetic, Intrinsic-Static , images/synthetic/separate/3D_shape_finding/hard/question_0490_V2.png  , images/synthetic/separate/3D_shape_finding/hard/question_0490_V0.png        , images/synthetic/separate/3D_shape_finding/hard/question_0490_V1.png  , images/synthetic/separate/3D_shape_finding/hard/question_0490_O0.png  , images/synthetic/separate/3D_shape_finding/hard/question_0490_O1.png  , images/synthetic/separate/3D_shape_finding/hard/question_0490_O2.png  , images/synthetic/separate/3D_shape_finding/hard/question_0490_O3.png
"Given the two views of the cube above, which image is most likely to be on the blue face as shown in the third view? Select the most likely one."                                                                                                                     , "A, B, C, D"      , D     , 3D Shape Finding, images/synthetic/merged/3D_shape_finding/hard/merged_question_question_0947.png  , hard      , synthetic, Intrinsic-Static , images/synthetic/separate/3D_shape_finding/hard/question_0947_V2.png  , images/synthetic/separate/3D_shape_finding/hard/question_0947_V0.png        , images/synthetic/separate/3D_shape_finding/hard/question_0947_V1.png  , images/synthetic/separate/3D_shape_finding/hard/question_0947_O0.png  , images/synthetic/separate/3D_shape_finding/hard/question_0947_O1.png  , images/synthetic/separate/3D_shape_finding/hard/question_0947_O2.png  , images/synthetic/separate/3D_shape_finding/hard/question_0947_O3.png
"The images above show two different views of the same cube. According to these views, what is the most likely image on the blue face (marked in the third view)? Select the most likely one from the options below."                                                  , "A, B, C, D"      , C     , 3D Shape Finding, images/synthetic/merged/3D_shape_finding/hard/merged_question_question_0910.png  , hard      , synthetic, Intrinsic-Static , images/synthetic/separate/3D_shape_finding/hard/question_0910_V2.png  , images/synthetic/separate/3D_shape_finding/hard/question_0910_V0.png        , images/synthetic/separate/3D_shape_finding/hard/question_0910_V1.png  , images/synthetic/separate/3D_shape_finding/hard/question_0910_O0.png  , images/synthetic/separate/3D_shape_finding/hard/question_0910_O1.png  , images/synthetic/separate/3D_shape_finding/hard/question_0910_O2.png  , images/synthetic/separate/3D_shape_finding/hard/question_0910_O3.png
"The images above show two different views of the same cube. According to these views, what is the most likely image on the blue face (marked in the third view)? Select the most likely one from the options below."                                                  , "A, B, C, D"      , D     , 3D Shape Finding, images/synthetic/merged/3D_shape_finding/hard/merged_question_question_0843.png  , hard      , synthetic, Intrinsic-Static , images/synthetic/separate/3D_shape_finding/hard/question_0843_V2.png  , images/synthetic/separate/3D_shape_finding/hard/question_0843_V0.png        , images/synthetic/separate/3D_shape_finding/hard/question_0843_V1.png  , images/synthetic/separate/3D_shape_finding/hard/question_0843_O0.png  , images/synthetic/separate/3D_shape_finding/hard/question_0843_O1.png  , images/synthetic/separate/3D_shape_finding/hard/question_0843_O2.png  , images/synthetic/separate/3D_shape_finding/hard/question_0843_O3.png
"The images above show two different views of the same cube. According to these views, what is the most likely image on the blue face (marked in the third view)? Select the most likely one from the options below."                                                  , "A, B, C, D"      , C     , 3D Shape Finding, images/synthetic/merged/3D_shape_finding/hard/merged_question_question_0726.png  , hard      , synthetic, Intrinsic-Static , images/synthetic/separate/3D_shape_finding/hard/question_0726_V2.png  , images/synthetic/separate/3D_shape_finding/hard/question_0726_V0.png        , images/synthetic/separate/3D_shape_finding/hard/question_0726_V1.png  , images/synthetic/separate/3D_shape_finding/hard/question_0726_O0.png  , images/synthetic/separate/3D_shape_finding/hard/question_0726_O1.png  , images/synthetic/separate/3D_shape_finding/hard/question_0726_O2.png  , images/synthetic/separate/3D_shape_finding/hard/question_0726_O3.png
"Given the two views of the cube above, which image is most likely to be on the blue face as shown in the third view? Select the most likely one."                                                                                                                     , "A, B, C, D"      , B     , 3D Shape Finding, images/synthetic/merged/3D_shape_finding/hard/merged_question_question_0332.png  , hard      , synthetic, Intrinsic-Static , images/synthetic/separate/3D_shape_finding/hard/question_0332_V2.png  , images/synthetic/separate/3D_shape_finding/hard/question_0332_V0.png        , images/synthetic/separate/3D_shape_finding/hard/question_0332_V1.png  , images/synthetic/separate/3D_shape_finding/hard/question_0332_O0.png  , images/synthetic/separate/3D_shape_finding/hard/question_0332_O1.png  , images/synthetic/separate/3D_shape_finding/hard/question_0332_O2.png  , images/synthetic/separate/3D_shape_finding/hard/question_0332_O3.png
"Given the two views of the cube above, which image is most likely to be on the blue face as shown in the third view? Select the most likely one."                                                                                                                     , "A, B, C, D"      , B     , 3D Shape Finding, images/synthetic/merged/3D_shape_finding/hard/merged_question_question_0687.png  , hard      , synthetic, Intrinsic-Static , images/synthetic/separate/3D_shape_finding/hard/question_0687_V2.png  , images/synthetic/separate/3D_shape_finding/hard/question_0687_V0.png        , images/synthetic/separate/3D_shape_finding/hard/question_0687_V1.png  , images/synthetic/separate/3D_shape_finding/hard/question_0687_O0.png  , images/synthetic/separate/3D_shape_finding/hard/question_0687_O1.png  , images/synthetic/separate/3D_shape_finding/hard/question_0687_O2.png  , images/synthetic/separate/3D_shape_finding/hard/question_0687_O3.png
"Given the two views of the cube above, which image is most likely to be on the blue face as shown in the third view? Select the most likely one."                                                                                                                     , "A, B, C, D"      , D     , 3D Shape Finding, images/synthetic/merged/3D_shape_finding/hard/merged_question_question_0244.png  , hard      , synthetic, Intrinsic-Static , images/synthetic/separate/3D_shape_finding/hard/question_0244_V2.png  , images/synthetic/separate/3D_shape_finding/hard/question_0244_V0.png        , images/synthetic/separate/3D_shape_finding/hard/question_0244_V1.png  , images/synthetic/separate/3D_shape_finding/hard/question_0244_O0.png  , images/synthetic/separate/3D_shape_finding/hard/question_0244_O1.png  , images/synthetic/separate/3D_shape_finding/hard/question_0244_O2.png  , images/synthetic/separate/3D_shape_finding/hard/question_0244_O3.png
"The images above show two different views of the same cube. According to these views, what is the most likely image on the blue face (marked in the third view)? Select the most likely one from the options below."                                                  , "A, B, C, D"      , C     , 3D Shape Finding, images/synthetic/merged/3D_shape_finding/hard/merged_question_question_0961.png  , hard      , synthetic, Intrinsic-Static , images/synthetic/separate/3D_shape_finding/hard/question_0961_V2.png  , images/synthetic/separate/3D_shape_finding/hard/question_0961_V0.png        , images/synthetic/separate/3D_shape_finding/hard/question_0961_V1.png  , images/synthetic/separate/3D_shape_finding/hard/question_0961_O0.png  , images/synthetic/separate/3D_shape_finding/hard/question_0961_O1.png  , images/synthetic/separate/3D_shape_finding/hard/question_0961_O2.png  , images/synthetic/separate/3D_shape_finding/hard/question_0961_O3.png
"Given the two views of the cube above, which image is most likely to be on the blue face as shown in the third view? Select the most likely one."                                                                                                                     , "A, B, C, D"      , B     , 3D Shape Finding, images/synthetic/merged/3D_shape_finding/hard/merged_question_question_0210.png  , hard      , synthetic, Intrinsic-Static , images/synthetic/separate/3D_shape_finding/hard/question_0210_V2.png  , images/synthetic/separate/3D_shape_finding/hard/question_0210_V0.png        , images/synthetic/separate/3D_shape_finding/hard/question_0210_V1.png  , images/synthetic/separate/3D_shape_finding/hard/question_0210_O0.png  , images/synthetic/separate/3D_shape_finding/hard/question_0210_O1.png  , images/synthetic/separate/3D_shape_finding/hard/question_0210_O2.png  , images/synthetic/separate/3D_shape_finding/hard/question_0210_O3.png
"The images above show two different views of the same cube. According to these views, what is the most likely image on the blue face (marked in the third view)? Select the most likely one from the options below."                                                  , "A, B, C, D"      , C     , 3D Shape Finding, images/synthetic/merged/3D_shape_finding/hard/merged_question_question_0645.png  , hard      , synthetic, Intrinsic-Static , images/synthetic/separate/3D_shape_finding/hard/question_0645_V2.png  , images/synthetic/separate/3D_shape_finding/hard/question_0645_V0.png        , images/synthetic/separate/3D_shape_finding/hard/question_0645_V1.png  , images/synthetic/separate/3D_shape_finding/hard/question_0645_O0.png  , images/synthetic/separate/3D_shape_finding/hard/question_0645_O1.png  , images/synthetic/separate/3D_shape_finding/hard/question_0645_O2.png  , images/synthetic/separate/3D_shape_finding/hard/question_0645_O3.png
"The images above show two different views of the same cube. According to these views, what is the most likely image on the blue face (marked in the third view)? Select the most likely one from the options below."                                                  , "A, B, C, D"      , A     , 3D Shape Finding, images/synthetic/merged/3D_shape_finding/hard/merged_question_question_0759.png  , hard      , synthetic, Intrinsic-Static , images/synthetic/separate/3D_shape_finding/hard/question_0759_V2.png  , images/synthetic/separate/3D_shape_finding/hard/question_0759_V0.png        , images/synthetic/separate/3D_shape_finding/hard/question_0759_V1.png  , images/synthetic/separate/3D_shape_finding/hard/question_0759_O0.png  , images/synthetic/separate/3D_shape_finding/hard/question_0759_O1.png  , images/synthetic/separate/3D_shape_finding/hard/question_0759_O2.png  , images/synthetic/separate/3D_shape_finding/hard/question_0759_O3.png
"Given the two views of the cube above, which image is most likely to be on the blue face as shown in the third view? Select the most likely one."                                                                                                                     , "A, B, C, D"      , B     , 3D Shape Finding, images/synthetic/merged/3D_shape_finding/hard/merged_question_question_0722.png  , hard      , synthetic, Intrinsic-Static , images/synthetic/separate/3D_shape_finding/hard/question_0722_V2.png  , images/synthetic/separate/3D_shape_finding/hard/question_0722_V0.png        , images/synthetic/separate/3D_shape_finding/hard/question_0722_V1.png  , images/synthetic/separate/3D_shape_finding/hard/question_0722_O0.png  , images/synthetic/separate/3D_shape_finding/hard/question_0722_O1.png  , images/synthetic/separate/3D_shape_finding/hard/question_0722_O2.png  , images/synthetic/separate/3D_shape_finding/hard/question_0722_O3.png
"The images above show two different views of the same cube. According to these views, what is the most likely image on the blue face (marked in the third view)? Select the most likely one from the options below."                                                  , "A, B, C, D"      , C     , 3D Shape Finding, images/synthetic/merged/3D_shape_finding/hard/merged_question_question_0902.png  , hard      , synthetic, Intrinsic-Static , images/synthetic/separate/3D_shape_finding/hard/question_0902_V2.png  , images/synthetic/separate/3D_shape_finding/hard/question_0902_V0.png        , images/synthetic/separate/3D_shape_finding/hard/question_0902_V1.png  , images/synthetic/separate/3D_shape_finding/hard/question_0902_O0.png  , images/synthetic/separate/3D_shape_finding/hard/question_0902_O1.png  , images/synthetic/separate/3D_shape_finding/hard/question_0902_O2.png  , images/synthetic/separate/3D_shape_finding/hard/question_0902_O3.png
"Given the two views of the cube above, which image is most likely to be on the blue face as shown in the third view? Select the most likely one."                                                                                                                     , "A, B, C, D"      , C     , 3D Shape Finding, images/synthetic/merged/3D_shape_finding/hard/merged_question_question_0296.png  , hard      , synthetic, Intrinsic-Static , images/synthetic/separate/3D_shape_finding/hard/question_0296_V2.png  , images/synthetic/separate/3D_shape_finding/hard/question_0296_V0.png        , images/synthetic/separate/3D_shape_finding/hard/question_0296_V1.png  , images/synthetic/separate/3D_shape_finding/hard/question_0296_O0.png  , images/synthetic/separate/3D_shape_finding/hard/question_0296_O1.png  , images/synthetic/separate/3D_shape_finding/hard/question_0296_O2.png  , images/synthetic/separate/3D_shape_finding/hard/question_0296_O3.png
"The images above show two different views of the same cube. According to these views, what is the most likely image on the blue face (marked in the third view)? Select the most likely one from the options below."                                                  , "A, B, C, D"      , D     , 3D Shape Finding, images/synthetic/merged/3D_shape_finding/hard/merged_question_question_0261.png  , hard      , synthetic, Intrinsic-Static , images/synthetic/separate/3D_shape_finding/hard/question_0261_V2.png  , images/synthetic/separate/3D_shape_finding/hard/question_0261_V0.png        , images/synthetic/separate/3D_shape_finding/hard/question_0261_V1.png  , images/synthetic/separate/3D_shape_finding/hard/question_0261_O0.png  , images/synthetic/separate/3D_shape_finding/hard/question_0261_O1.png  , images/synthetic/separate/3D_shape_finding/hard/question_0261_O2.png  , images/synthetic/separate/3D_shape_finding/hard/question_0261_O3.png
"Given the two views of the cube above, which image is most likely to be on the blue face as shown in the third view? Select the most likely one."                                                                                                                     , "A, B, C, D"      , C     , 3D Shape Finding, images/synthetic/merged/3D_shape_finding/hard/merged_question_question_0340.png  , hard      , synthetic, Intrinsic-Static , images/synthetic/separate/3D_shape_finding/hard/question_0340_V2.png  , images/synthetic/separate/3D_shape_finding/hard/question_0340_V0.png        , images/synthetic/separate/3D_shape_finding/hard/question_0340_V1.png  , images/synthetic/separate/3D_shape_finding/hard/question_0340_O0.png  , images/synthetic/separate/3D_shape_finding/hard/question_0340_O1.png  , images/synthetic/separate/3D_shape_finding/hard/question_0340_O2.png  , images/synthetic/separate/3D_shape_finding/hard/question_0340_O3.png
"Given the two views of the cube above, which image is most likely to be on the blue face as shown in the third view? Select the most likely one."                                                                                                                     , "A, B, C, D"      , C     , 3D Shape Finding, images/synthetic/merged/3D_shape_finding/hard/merged_question_question_0636.png  , hard      , synthetic, Intrinsic-Static , images/synthetic/separate/3D_shape_finding/hard/question_0636_V2.png  , images/synthetic/separate/3D_shape_finding/hard/question_0636_V0.png        , images/synthetic/separate/3D_shape_finding/hard/question_0636_V1.png  , images/synthetic/separate/3D_shape_finding/hard/question_0636_O0.png  , images/synthetic/separate/3D_shape_finding/hard/question_0636_O1.png  , images/synthetic/separate/3D_shape_finding/hard/question_0636_O2.png  , images/synthetic/separate/3D_shape_finding/hard/question_0636_O3.png
"The images above show two different views of the same cube. According to these views, what is the most likely image on the blue face (marked in the third view)? Select the most likely one from the options below."                                                  , "A, B, C, D"      , D     , 3D Shape Finding, images/synthetic/merged/3D_shape_finding/hard/merged_question_question_0455.png  , hard      , synthetic, Intrinsic-Static , images/synthetic/separate/3D_shape_finding/hard/question_0455_V2.png  , images/synthetic/separate/3D_shape_finding/hard/question_0455_V0.png        , images/synthetic/separate/3D_shape_finding/hard/question_0455_V1.png  , images/synthetic/separate/3D_shape_finding/hard/question_0455_O0.png  , images/synthetic/separate/3D_shape_finding/hard/question_0455_O1.png  , images/synthetic/separate/3D_shape_finding/hard/question_0455_O2.png  , images/synthetic/separate/3D_shape_finding/hard/question_0455_O3.png
"Given the two views of the cube above, which image is most likely to be on the blue face as shown in the third view? Select the most likely one."                                                                                                                     , "A, B, C, D"      , C     , 3D Shape Finding, images/synthetic/merged/3D_shape_finding/medium/merged_question_question_0666.png, medium    , synthetic, Intrinsic-Static , images/synthetic/separate/3D_shape_finding/medium/question_0666_V2.png, images/synthetic/separate/3D_shape_finding/medium/question_0666_V0.png      , images/synthetic/separate/3D_shape_finding/medium/question_0666_V1.png, images/synthetic/separate/3D_shape_finding/medium/question_0666_O0.png, images/synthetic/separate/3D_shape_finding/medium/question_0666_O1.png, images/synthetic/separate/3D_shape_finding/medium/question_0666_O2.png, images/synthetic/separate/3D_shape_finding/medium/question_0666_O3.png
"Given the two views of the cube above, which image is most likely to be on the blue face as shown in the third view? Select the most likely one."                                                                                                                     , "A, B, C, D"      , B     , 3D Shape Finding, images/synthetic/merged/3D_shape_finding/medium/merged_question_question_0439.png, medium    , synthetic, Intrinsic-Static , images/synthetic/separate/3D_shape_finding/medium/question_0439_V2.png, images/synthetic/separate/3D_shape_finding/medium/question_0439_V0.png      , images/synthetic/separate/3D_shape_finding/medium/question_0439_V1.png, images/synthetic/separate/3D_shape_finding/medium/question_0439_O0.png, images/synthetic/separate/3D_shape_finding/medium/question_0439_O1.png, images/synthetic/separate/3D_shape_finding/medium/question_0439_O2.png, images/synthetic/separate/3D_shape_finding/medium/question_0439_O3.png
"The images above show two different views of the same cube. According to these views, what is the most likely image on the blue face (marked in the third view)? Select the most likely one from the options below."                                                  , "A, B, C, D"      , B     , 3D Shape Finding, images/synthetic/merged/3D_shape_finding/medium/merged_question_question_0243.png, medium    , synthetic, Intrinsic-Static , images/synthetic/separate/3D_shape_finding/medium/question_0243_V2.png, images/synthetic/separate/3D_shape_finding/medium/question_0243_V0.png      , images/synthetic/separate/3D_shape_finding/medium/question_0243_V1.png, images/synthetic/separate/3D_shape_finding/medium/question_0243_O0.png, images/synthetic/separate/3D_shape_finding/medium/question_0243_O1.png, images/synthetic/separate/3D_shape_finding/medium/question_0243_O2.png, images/synthetic/separate/3D_shape_finding/medium/question_0243_O3.png
"The images above show two different views of the same cube. According to these views, what is the most likely image on the blue face (marked in the third view)? Select the most likely one from the options below."                                                  , "A, B, C, D"      , A     , 3D Shape Finding, images/synthetic/merged/3D_shape_finding/medium/merged_question_question_0598.png, medium    , synthetic, Intrinsic-Static , images/synthetic/separate/3D_shape_finding/medium/question_0598_V2.png, images/synthetic/separate/3D_shape_finding/medium/question_0598_V0.png      , images/synthetic/separate/3D_shape_finding/medium/question_0598_V1.png, images/synthetic/separate/3D_shape_finding/medium/question_0598_O0.png, images/synthetic/separate/3D_shape_finding/medium/question_0598_O1.png, images/synthetic/separate/3D_shape_finding/medium/question_0598_O2.png, images/synthetic/separate/3D_shape_finding/medium/question_0598_O3.png
"Given the two views of the cube above, which image is most likely to be on the blue face as shown in the third view? Select the most likely one."                                                                                                                     , "A, B, C, D"      , B     , 3D Shape Finding, images/synthetic/merged/3D_shape_finding/medium/merged_question_question_0987.png, medium    , synthetic, Intrinsic-Static , images/synthetic/separate/3D_shape_finding/medium/question_0987_V2.png, images/synthetic/separate/3D_shape_finding/medium/question_0987_V0.png      , images/synthetic/separate/3D_shape_finding/medium/question_0987_V1.png, images/synthetic/separate/3D_shape_finding/medium/question_0987_O0.png, images/synthetic/separate/3D_shape_finding/medium/question_0987_O1.png, images/synthetic/separate/3D_shape_finding/medium/question_0987_O2.png, images/synthetic/separate/3D_shape_finding/medium/question_0987_O3.png
"The images above show two different views of the same cube. According to these views, what is the most likely image on the blue face (marked in the third view)? Select the most likely one from the options below."                                                  , "A, B, C, D"      , D     , 3D Shape Finding, images/synthetic/merged/3D_shape_finding/medium/merged_question_question_0977.png, medium    , synthetic, Intrinsic-Static , images/synthetic/separate/3D_shape_finding/medium/question_0977_V2.png, images/synthetic/separate/3D_shape_finding/medium/question_0977_V0.png      , images/synthetic/separate/3D_shape_finding/medium/question_0977_V1.png, images/synthetic/separate/3D_shape_finding/medium/question_0977_O0.png, images/synthetic/separate/3D_shape_finding/medium/question_0977_O1.png, images/synthetic/separate/3D_shape_finding/medium/question_0977_O2.png, images/synthetic/separate/3D_shape_finding/medium/question_0977_O3.png
"Given the two views of the cube above, which image is most likely to be on the blue face as shown in the third view? Select the most likely one."                                                                                                                     , "A, B, C, D"      , A     , 3D Shape Finding, images/synthetic/merged/3D_shape_finding/medium/merged_question_question_0860.png, medium    , synthetic, Intrinsic-Static , images/synthetic/separate/3D_shape_finding/medium/question_0860_V2.png, images/synthetic/separate/3D_shape_finding/medium/question_0860_V0.png      , images/synthetic/separate/3D_shape_finding/medium/question_0860_V1.png, images/synthetic/separate/3D_shape_finding/medium/question_0860_O0.png, images/synthetic/separate/3D_shape_finding/medium/question_0860_O1.png, images/synthetic/separate/3D_shape_finding/medium/question_0860_O2.png, images/synthetic/separate/3D_shape_finding/medium/question_0860_O3.png
"Given the two views of the cube above, which image is most likely to be on the blue face as shown in the third view? Select the most likely one."                                                                                                                     , "A, B, C, D"      , C     , 3D Shape Finding, images/synthetic/merged/3D_shape_finding/medium/merged_question_question_0330.png, medium    , synthetic, Intrinsic-Static , images/synthetic/separate/3D_shape_finding/medium/question_0330_V2.png, images/synthetic/separate/3D_shape_finding/medium/question_0330_V0.png      , images/synthetic/separate/3D_shape_finding/medium/question_0330_V1.png, images/synthetic/separate/3D_shape_finding/medium/question_0330_O0.png, images/synthetic/separate/3D_shape_finding/medium/question_0330_O1.png, images/synthetic/separate/3D_shape_finding/medium/question_0330_O2.png, images/synthetic/separate/3D_shape_finding/medium/question_0330_O3.png
"The images above show two different views of the same cube. According to these views, what is the most likely image on the blue face (marked in the third view)? Select the most likely one from the options below."                                                  , "A, B, C, D"      , C     , 3D Shape Finding, images/synthetic/merged/3D_shape_finding/medium/merged_question_question_0780.png, medium    , synthetic, Intrinsic-Static , images/synthetic/separate/3D_shape_finding/medium/question_0780_V2.png, images/synthetic/separate/3D_shape_finding/medium/question_0780_V0.png      , images/synthetic/separate/3D_shape_finding/medium/question_0780_V1.png, images/synthetic/separate/3D_shape_finding/medium/question_0780_O0.png, images/synthetic/separate/3D_shape_finding/medium/question_0780_O1.png, images/synthetic/separate/3D_shape_finding/medium/question_0780_O2.png, images/synthetic/separate/3D_shape_finding/medium/question_0780_O3.png
"The images above show two different views of the same cube. According to these views, what is the most likely image on the blue face (marked in the third view)? Select the most likely one from the options below."                                                  , "A, B, C, D"      , D     , 3D Shape Finding, images/synthetic/merged/3D_shape_finding/medium/merged_question_question_0478.png, medium    , synthetic, Intrinsic-Static , images/synthetic/separate/3D_shape_finding/medium/question_0478_V2.png, images/synthetic/separate/3D_shape_finding/medium/question_0478_V0.png      , images/synthetic/separate/3D_shape_finding/medium/question_0478_V1.png, images/synthetic/separate/3D_shape_finding/medium/question_0478_O0.png, images/synthetic/separate/3D_shape_finding/medium/question_0478_O1.png, images/synthetic/separate/3D_shape_finding/medium/question_0478_O2.png, images/synthetic/separate/3D_shape_finding/medium/question_0478_O3.png
"Given the two views of the cube above, which image is most likely to be on the blue face as shown in the third view? Select the most likely one."                                                                                                                     , "A, B, C, D"      , A     , 3D Shape Finding, images/synthetic/merged/3D_shape_finding/medium/merged_question_question_0650.png, medium    , synthetic, Intrinsic-Static , images/synthetic/separate/3D_shape_finding/medium/question_0650_V2.png, images/synthetic/separate/3D_shape_finding/medium/question_0650_V0.png      , images/synthetic/separate/3D_shape_finding/medium/question_0650_V1.png, images/synthetic/separate/3D_shape_finding/medium/question_0650_O0.png, images/synthetic/separate/3D_shape_finding/medium/question_0650_O1.png, images/synthetic/separate/3D_shape_finding/medium/question_0650_O2.png, images/synthetic/separate/3D_shape_finding/medium/question_0650_O3.png
"The images above show two different views of the same cube. According to these views, what is the most likely image on the blue face (marked in the third view)? Select the most likely one from the options below."                                                  , "A, B, C, D"      , C     , 3D Shape Finding, images/synthetic/merged/3D_shape_finding/medium/merged_question_question_0310.png, medium    , synthetic, Intrinsic-Static , images/synthetic/separate/3D_shape_finding/medium/question_0310_V2.png, images/synthetic/separate/3D_shape_finding/medium/question_0310_V0.png      , images/synthetic/separate/3D_shape_finding/medium/question_0310_V1.png, images/synthetic/separate/3D_shape_finding/medium/question_0310_O0.png, images/synthetic/separate/3D_shape_finding/medium/question_0310_O1.png, images/synthetic/separate/3D_shape_finding/medium/question_0310_O2.png, images/synthetic/separate/3D_shape_finding/medium/question_0310_O3.png
"Given the two views of the cube above, which image is most likely to be on the blue face as shown in the third view? Select the most likely one."                                                                                                                     , "A, B, C, D"      , D     , 3D Shape Finding, images/synthetic/merged/3D_shape_finding/medium/merged_question_question_0759.png, medium    , synthetic, Intrinsic-Static , images/synthetic/separate/3D_shape_finding/medium/question_0759_V2.png, images/synthetic/separate/3D_shape_finding/medium/question_0759_V0.png      , images/synthetic/separate/3D_shape_finding/medium/question_0759_V1.png, images/synthetic/separate/3D_shape_finding/medium/question_0759_O0.png, images/synthetic/separate/3D_shape_finding/medium/question_0759_O1.png, images/synthetic/separate/3D_shape_finding/medium/question_0759_O2.png, images/synthetic/separate/3D_shape_finding/medium/question_0759_O3.png
"The images above show two different views of the same cube. According to these views, what is the most likely image on the blue face (marked in the third view)? Select the most likely one from the options below."                                                  , "A, B, C, D"      , D     , 3D Shape Finding, images/synthetic/merged/3D_shape_finding/medium/merged_question_question_0729.png, medium    , synthetic, Intrinsic-Static , images/synthetic/separate/3D_shape_finding/medium/question_0729_V2.png, images/synthetic/separate/3D_shape_finding/medium/question_0729_V0.png      , images/synthetic/separate/3D_shape_finding/medium/question_0729_V1.png, images/synthetic/separate/3D_shape_finding/medium/question_0729_O0.png, images/synthetic/separate/3D_shape_finding/medium/question_0729_O1.png, images/synthetic/separate/3D_shape_finding/medium/question_0729_O2.png, images/synthetic/separate/3D_shape_finding/medium/question_0729_O3.png
"The images above show two different views of the same cube. According to these views, what is the most likely image on the blue face (marked in the third view)? Select the most likely one from the options below."                                                  , "A, B, C, D"      , B     , 3D Shape Finding, images/synthetic/merged/3D_shape_finding/medium/merged_question_question_0361.png, medium    , synthetic, Intrinsic-Static , images/synthetic/separate/3D_shape_finding/medium/question_0361_V2.png, images/synthetic/separate/3D_shape_finding/medium/question_0361_V0.png      , images/synthetic/separate/3D_shape_finding/medium/question_0361_V1.png, images/synthetic/separate/3D_shape_finding/medium/question_0361_O0.png, images/synthetic/separate/3D_shape_finding/medium/question_0361_O1.png, images/synthetic/separate/3D_shape_finding/medium/question_0361_O2.png, images/synthetic/separate/3D_shape_finding/medium/question_0361_O3.png
"Given the two views of the cube above, which image is most likely to be on the blue face as shown in the third view? Select the most likely one."                                                                                                                     , "A, B, C, D"      , A     , 3D Shape Finding, images/synthetic/merged/3D_shape_finding/medium/merged_question_question_0947.png, medium    , synthetic, Intrinsic-Static , images/synthetic/separate/3D_shape_finding/medium/question_0947_V2.png, images/synthetic/separate/3D_shape_finding/medium/question_0947_V0.png      , images/synthetic/separate/3D_shape_finding/medium/question_0947_V1.png, images/synthetic/separate/3D_shape_finding/medium/question_0947_O0.png, images/synthetic/separate/3D_shape_finding/medium/question_0947_O1.png, images/synthetic/separate/3D_shape_finding/medium/question_0947_O2.png, images/synthetic/separate/3D_shape_finding/medium/question_0947_O3.png
"Given the two views of the cube above, which image is most likely to be on the blue face as shown in the third view? Select the most likely one."                                                                                                                     , "A, B, C, D"      , A     , 3D Shape Finding, images/synthetic/merged/3D_shape_finding/medium/merged_question_question_0493.png, medium    , synthetic, Intrinsic-Static , images/synthetic/separate/3D_shape_finding/medium/question_0493_V2.png, images/synthetic/separate/3D_shape_finding/medium/question_0493_V0.png      , images/synthetic/separate/3D_shape_finding/medium/question_0493_V1.png, images/synthetic/separate/3D_shape_finding/medium/question_0493_O0.png, images/synthetic/separate/3D_shape_finding/medium/question_0493_O1.png, images/synthetic/separate/3D_shape_finding/medium/question_0493_O2.png, images/synthetic/separate/3D_shape_finding/medium/question_0493_O3.png
"Given the two views of the cube above, which image is most likely to be on the blue face as shown in the third view? Select the most likely one."                                                                                                                     , "A, B, C, D"      , D     , 3D Shape Finding, images/synthetic/merged/3D_shape_finding/medium/merged_question_question_0342.png, medium    , synthetic, Intrinsic-Static , images/synthetic/separate/3D_shape_finding/medium/question_0342_V2.png, images/synthetic/separate/3D_shape_finding/medium/question_0342_V0.png      , images/synthetic/separate/3D_shape_finding/medium/question_0342_V1.png, images/synthetic/separate/3D_shape_finding/medium/question_0342_O0.png, images/synthetic/separate/3D_shape_finding/medium/question_0342_O1.png, images/synthetic/separate/3D_shape_finding/medium/question_0342_O2.png, images/synthetic/separate/3D_shape_finding/medium/question_0342_O3.png
"Given the two views of the cube above, which image is most likely to be on the blue face as shown in the third view? Select the most likely one."                                                                                                                     , "A, B, C, D"      , D     , 3D Shape Finding, images/synthetic/merged/3D_shape_finding/medium/merged_question_question_0881.png, medium    , synthetic, Intrinsic-Static , images/synthetic/separate/3D_shape_finding/medium/question_0881_V2.png, images/synthetic/separate/3D_shape_finding/medium/question_0881_V0.png      , images/synthetic/separate/3D_shape_finding/medium/question_0881_V1.png, images/synthetic/separate/3D_shape_finding/medium/question_0881_O0.png, images/synthetic/separate/3D_shape_finding/medium/question_0881_O1.png, images/synthetic/separate/3D_shape_finding/medium/question_0881_O2.png, images/synthetic/separate/3D_shape_finding/medium/question_0881_O3.png
"Given the two views of the cube above, which image is most likely to be on the blue face as shown in the third view? Select the most likely one."                                                                                                                     , "A, B, C, D"      , D     , 3D Shape Finding, images/synthetic/merged/3D_shape_finding/medium/merged_question_question_0538.png, medium    , synthetic, Intrinsic-Static , images/synthetic/separate/3D_shape_finding/medium/question_0538_V2.png, images/synthetic/separate/3D_shape_finding/medium/question_0538_V0.png      , images/synthetic/separate/3D_shape_finding/medium/question_0538_V1.png, images/synthetic/separate/3D_shape_finding/medium/question_0538_O0.png, images/synthetic/separate/3D_shape_finding/medium/question_0538_O1.png, images/synthetic/separate/3D_shape_finding/medium/question_0538_O2.png, images/synthetic/separate/3D_shape_finding/medium/question_0538_O3.png
Which figure can be made from these shapes without resizing?                                                                                                                                                                                                           , "A, B, C, D"      , A     , 2D Combination  , images/wild/image_15.jpg                                                         , easy      , wild     , Extrinsic-Dynamic, images/wild/image_15.jpg                                              ,                                                                             ,                                                                       ,                                                                       ,                                                                       ,                                                                       , 
Which figure can be made from these shapes without resizing?                                                                                                                                                                                                           , "A, B, C, D"      , D     , 2D Combination  , images/wild/image_3.jpg                                                          , easy      , wild     , Extrinsic-Dynamic, images/wild/image_3.jpg                                               ,                                                                             ,                                                                       ,                                                                       ,                                                                       ,                                                                       , 
Which set of pieces is necessary to form the given figure?                                                                                                                                                                                                             , "A, B, C, D"      , A     , 2D Combination  , images/wild/image_39.jpg                                                         , easy      , wild     , Extrinsic-Dynamic, images/wild/image_39.jpg                                              ,                                                                             ,                                                                       ,                                                                       ,                                                                       ,                                                                       , 
Which figure can be made from these shapes without resizing?                                                                                                                                                                                                           , "A, B, C, D"      , C     , 2D Combination  , images/wild/image_14.jpg                                                         , easy      , wild     , Extrinsic-Dynamic, images/wild/image_14.jpg                                              ,                                                                             ,                                                                       ,                                                                       ,                                                                       ,                                                                       , 
Which figure can be formed with the given pieces?                                                                                                                                                                                                                      , "A, B, C, D"      , B     , 2D Combination  , images/wild/image_77.jpg                                                         , easy      , wild     , Extrinsic-Dynamic, images/wild/image_77.jpg                                              ,                                                                             ,                                                                       ,                                                                       ,                                                                       ,                                                                       , 
Which piece matches the given figure?                                                                                                                                                                                                                                  , "A, B, C, D"      , B     , 2D Combination  , images/wild/image_41.jpg                                                         , easy      , wild     , Extrinsic-Dynamic, images/wild/image_41.jpg                                              ,                                                                             ,                                                                       ,                                                                       ,                                                                       ,                                                                       , 
Which figure can be formed with the given pieces only using rotation?                                                                                                                                                                                                  , "A, B, C, D"      , B     , 2D Combination  , images/wild/image_38.jpg                                                         , easy      , wild     , Extrinsic-Dynamic, images/wild/image_38.jpg                                              ,                                                                             ,                                                                       ,                                                                       ,                                                                       ,                                                                       , 
Which piece matches the given figure?                                                                                                                                                                                                                                  , "A, B, C, D"      , A     , 2D Combination  , images/wild/image_81.jpg                                                         , easy      , wild     , Extrinsic-Dynamic, images/wild/image_81.jpg                                              ,                                                                             ,                                                                       ,                                                                       ,                                                                       ,                                                                       , 
Which piece matches the given figure?                                                                                                                                                                                                                                  , "A, B, C, D"      , C     , 2D Combination  , images/wild/image_80.jpg                                                         , easy      , wild     , Extrinsic-Dynamic, images/wild/image_80.jpg                                              ,                                                                             ,                                                                       ,                                                                       ,                                                                       ,                                                                       , 
Which figure can be formed with the given pieces?                                                                                                                                                                                                                      , "A, B, C, D"      , A     , 2D Combination  , images/wild/image_50.jpg                                                         , easy      , wild     , Extrinsic-Dynamic, images/wild/image_50.jpg                                              ,                                                                             ,                                                                       ,                                                                       ,                                                                       ,                                                                       , 
Which figure can be formed with the given shapes?                                                                                                                                                                                                                      , "A, B, C, D"      , B     , 2D Combination  , images/wild/image_65.jpg                                                         , easy      , wild     , Extrinsic-Dynamic, images/wild/image_65.jpg                                              ,                                                                             ,                                                                       ,                                                                       ,                                                                       ,                                                                       , 
Which figure can be formed with the given pieces?                                                                                                                                                                                                                      , "A, B, C, D"      , C     , 2D Combination  , images/wild/image_78.jpg                                                         , easy      , wild     , Extrinsic-Dynamic, images/wild/image_78.jpg                                              ,                                                                             ,                                                                       ,                                                                       ,                                                                       ,                                                                       , 
Which figure can be formed with the given pieces?                                                                                                                                                                                                                      , "A, B, C, D"      , C     , 2D Combination  , images/wild/image_40.jpg                                                         , easy      , wild     , Extrinsic-Dynamic, images/wild/image_40.jpg                                              ,                                                                             ,                                                                       ,                                                                       ,                                                                       ,                                                                       , 
Which figure can be formed with the given pieces?                                                                                                                                                                                                                      , "A, B, C, D"      , D     , 2D Combination  , images/wild/image_75.jpg                                                         , easy      , wild     , Extrinsic-Dynamic, images/wild/image_75.jpg                                              ,                                                                             ,                                                                       ,                                                                       ,                                                                       ,                                                                       , 
Which piece fits into the given figure to form a circle?                                                                                                                                                                                                               , "A, B, C, D"      , A     , 2D Combination  , images/wild/image_42.jpg                                                         , easy      , wild     , Extrinsic-Dynamic, images/wild/image_42.jpg                                              ,                                                                             ,                                                                       ,                                                                       ,                                                                       ,                                                                       , 
Which figure can be made from these shapes without resizing?                                                                                                                                                                                                           , "A, B, C, D"      , B     , 2D Combination  , images/wild/image_2.jpg                                                          , hard      , wild     , Extrinsic-Dynamic, images/wild/image_2.jpg                                               ,                                                                             ,                                                                       ,                                                                       ,                                                                       ,                                                                       , 
"With only rotation, which set of pieces can make up the question shape?"                                                                                                                                                                                              , "A, B, C, D"      , D     , 2D Combination  , images/wild/image_61.jpg                                                         , hard      , wild     , Extrinsic-Dynamic, images/wild/image_61.jpg                                              ,                                                                             ,                                                                       ,                                                                       ,                                                                       ,                                                                       , 
Which set of pieces is necessary to form the given figure?                                                                                                                                                                                                             , "A, B, C, D"      , C     , 2D Combination  , images/wild/image_64.jpg                                                         , hard      , wild     , Extrinsic-Dynamic, images/wild/image_64.jpg                                              ,                                                                             ,                                                                       ,                                                                       ,                                                                       ,                                                                       , 
Which set of pieces is necessary to form the given figure?                                                                                                                                                                                                             , "A, B, C, D"      , B     , 2D Combination  , images/wild/image_47.jpg                                                         , hard      , wild     , Extrinsic-Dynamic, images/wild/image_47.jpg                                              ,                                                                             ,                                                                       ,                                                                       ,                                                                       ,                                                                       , 
Which figure can be made from these shapes without resizing?                                                                                                                                                                                                           , "A, B, C, D"      , D     , 2D Combination  , images/wild/image_13.jpg                                                         , hard      , wild     , Extrinsic-Dynamic, images/wild/image_13.jpg                                              ,                                                                             ,                                                                       ,                                                                       ,                                                                       ,                                                                       , 
Which set of pieces is necessary to form the given figure?                                                                                                                                                                                                             , "A, B, C, D"      , D     , 2D Combination  , images/wild/image_84.jpg                                                         , hard      , wild     , Extrinsic-Dynamic, images/wild/image_84.jpg                                              ,                                                                             ,                                                                       ,                                                                       ,                                                                       ,                                                                       , 
Which figure can be formed with the given pieces?                                                                                                                                                                                                                      , "A, B, C, D"      , C     , 2D Combination  , images/wild/image_76.jpg                                                         , hard      , wild     , Extrinsic-Dynamic, images/wild/image_76.jpg                                              ,                                                                             ,                                                                       ,                                                                       ,                                                                       ,                                                                       , 
Which piece matches the given figure?                                                                                                                                                                                                                                  , "A, B, C, D"      , D     , 2D Combination  , images/wild/image_54.jpg                                                         , hard      , wild     , Extrinsic-Dynamic, images/wild/image_54.jpg                                              ,                                                                             ,                                                                       ,                                                                       ,                                                                       ,                                                                       , 
Which piece slots into the given figure to form a rectangle?                                                                                                                                                                                                           , "A, B, C, D"      , D     , 2D Combination  , images/wild/image_86.jpg                                                         , medium    , wild     , Extrinsic-Dynamic, images/wild/image_86.jpg                                              ,                                                                             ,                                                                       ,                                                                       ,                                                                       ,                                                                       , 
Work out which option shows the figure on the left when folded along the dotted line.                                                                                                                                                                                  , "A,B,C,D"         , A     , 2D Folding      , images/wild/cem_250.jpg                                                          , easy      , wild     , Intrinsic-Dynamic, images/wild/cem_250.jpg                                               ,                                                                             ,                                                                       ,                                                                       ,                                                                       ,                                                                       , 
"Which figure that shows how the left-hand figure will look when folded along the dotted line?  The fold should be made towards the dotted line, not away from it."                                                                                                    , "A, B, C, D"      , B     , 2D Folding      , images/wild/rc_179.jpg                                                           , easy      , wild     , Intrinsic-Dynamic, images/wild/rc_179.jpg                                                ,                                                                             ,                                                                       ,                                                                       ,                                                                       ,                                                                       , 
Work out which option shows the figure on the left when folded along the dotted line.                                                                                                                                                                                  , "A,B,C,D"         , D     , 2D Folding      , images/wild/cem_412.jpg                                                          , easy      , wild     , Intrinsic-Dynamic, images/wild/cem_412.jpg                                               ,                                                                             ,                                                                       ,                                                                       ,                                                                       ,                                                                       , 
Work out which option shows the figure on the left when folded along the dotted line.                                                                                                                                                                                  , "A,B,C,D"         , D     , 2D Folding      , images/wild/cem_105.jpg                                                          , easy      , wild     , Intrinsic-Dynamic, images/wild/cem_105.jpg                                               ,                                                                             ,                                                                       ,                                                                       ,                                                                       ,                                                                       , 
"Which figure that shows how the left-hand figure will look when folded along the dotted line?  The fold should be made towards the dotted line, not away from it."                                                                                                    , "A, B, C, D"      , A     , 2D Folding      , images/wild/rc_177.jpg                                                           , easy      , wild     , Intrinsic-Dynamic, images/wild/rc_177.jpg                                                ,                                                                             ,                                                                       ,                                                                       ,                                                                       ,                                                                       , 
"Which figure that shows how the left-hand figure will look when folded along the dotted line?  The fold should be made towards the dotted line, not away from it."                                                                                                    , "A, B, C, D"      , B     , 2D Folding      , images/wild/rc_176.jpg                                                           , easy      , wild     , Intrinsic-Dynamic, images/wild/rc_176.jpg                                                ,                                                                             ,                                                                       ,                                                                       ,                                                                       ,                                                                       , 
"Which figure that shows how the left-hand figure will look when folded along the dotted line?  The fold should be made towards the dotted line, not away from it."                                                                                                    , "A, B, C, D"      , A     , 2D Folding      , images/wild/rc_174.jpg                                                           , easy      , wild     , Intrinsic-Dynamic, images/wild/rc_174.jpg                                                ,                                                                             ,                                                                       ,                                                                       ,                                                                       ,                                                                       , 
Work out which option shows the figure on the left when folded along the dotted line.                                                                                                                                                                                  , "A,B,C,D"         , A     , 2D Folding      , images/wild/cem_364.jpg                                                          , easy      , wild     , Intrinsic-Dynamic, images/wild/cem_364.jpg                                               ,                                                                             ,                                                                       ,                                                                       ,                                                                       ,                                                                       , 
"Which figure that shows how the left-hand figure will look when folded along the dotted line?  The fold should be made towards the dotted line, not away from it."                                                                                                    , "A, B, C, D"      , A     , 2D Folding      , images/wild/rc_173.jpg                                                           , easy      , wild     , Intrinsic-Dynamic, images/wild/rc_173.jpg                                                ,                                                                             ,                                                                       ,                                                                       ,                                                                       ,                                                                       , 
Work out which option shows the figure on the left when folded along the dotted line.                                                                                                                                                                                  , "A,B,C,D"         , B     , 2D Folding      , images/wild/cem_366.jpg                                                          , easy      , wild     , Intrinsic-Dynamic, images/wild/cem_366.jpg                                               ,                                                                             ,                                                                       ,                                                                       ,                                                                       ,                                                                       , 
"Which figure that shows how the left-hand figure will look when folded along the dotted line?  The fold should be made towards the dotted line, not away from it."                                                                                                    , "A, B, C, D"      , D     , 2D Folding      , images/wild/rc_182.jpg                                                           , easy      , wild     , Intrinsic-Dynamic, images/wild/rc_182.jpg                                                ,                                                                             ,                                                                       ,                                                                       ,                                                                       ,                                                                       , 
Which figure that shows how the left-hand figure will look when folded along the dotted line?                                                                                                                                                                          , "A, B, C, D"      , C     , 2D Folding      , images/wild/rc_39.jpg                                                            , easy      , wild     , Intrinsic-Dynamic, images/wild/rc_39.jpg                                                 ,                                                                             ,                                                                       ,                                                                       ,                                                                       ,                                                                       , 
Work out which option shows the figure on the left when folded along the dotted line.                                                                                                                                                                                  , "A,B,C,D"         , C     , 2D Folding      , images/wild/cem_410.jpg                                                          , easy      , wild     , Intrinsic-Dynamic, images/wild/cem_410.jpg                                               ,                                                                             ,                                                                       ,                                                                       ,                                                                       ,                                                                       , 
Work out which option shows the figure on the left when folded along the dotted line.                                                                                                                                                                                  , "A,B,C,D"         , D     , 2D Folding      , images/wild/cem_252.jpg                                                          , easy      , wild     , Intrinsic-Dynamic, images/wild/cem_252.jpg                                               ,                                                                             ,                                                                       ,                                                                       ,                                                                       ,                                                                       , 
Work out which option shows the figure on the left when folded along the dotted line.                                                                                                                                                                                  , "A,B,C,D"         , A     , 2D Folding      , images/wild/cem_177.jpg                                                          , easy      , wild     , Intrinsic-Dynamic, images/wild/cem_177.jpg                                               ,                                                                             ,                                                                       ,                                                                       ,                                                                       ,                                                                       , 
Work out which option shows the figure on the left when folded along the dotted line.                                                                                                                                                                                  , "A,B,C,D"         , B     , 2D Folding      , images/wild/cem_275.jpg                                                          , easy      , wild     , Intrinsic-Dynamic, images/wild/cem_275.jpg                                               ,                                                                             ,                                                                       ,                                                                       ,                                                                       ,                                                                       , 
Work out which option shows the figure on the left when folded along the dotted line.                                                                                                                                                                                  , "A,B,C,D"         , C     , 2D Folding      , images/wild/cem_468.jpg                                                          , easy      , wild     , Intrinsic-Dynamic, images/wild/cem_468.jpg                                               ,                                                                             ,                                                                       ,                                                                       ,                                                                       ,                                                                       , 
Work out which option shows the figure on the left when folded along the dotted line.                                                                                                                                                                                  , "A,B,C,D"         , C     , 2D Folding      , images/wild/cem_363.jpg                                                          , easy      , wild     , Intrinsic-Dynamic, images/wild/cem_363.jpg                                               ,                                                                             ,                                                                       ,                                                                       ,                                                                       ,                                                                       , 
Work out which option shows the figure on the left when folded along the dotted line.                                                                                                                                                                                  , "A,B,C,D"         , B     , 2D Folding      , images/wild/cem_64.jpg                                                           , easy      , wild     , Intrinsic-Dynamic, images/wild/cem_64.jpg                                                ,                                                                             ,                                                                       ,                                                                       ,                                                                       ,                                                                       , 
Work out which option shows the figure on the left when folded along the dotted line.                                                                                                                                                                                  , "A,B,C,D"         , C     , 2D Folding      , images/wild/cem_106.jpg                                                          , easy      , wild     , Intrinsic-Dynamic, images/wild/cem_106.jpg                                               ,                                                                             ,                                                                       ,                                                                       ,                                                                       ,                                                                       , 
Which figure that shows how the left-hand figure will look when folded along the dotted line?                                                                                                                                                                          , "A, B, C, D"      , B     , 2D Folding      , images/wild/rc_40.jpg                                                            , easy      , wild     , Intrinsic-Dynamic, images/wild/rc_40.jpg                                                 ,                                                                             ,                                                                       ,                                                                       ,                                                                       ,                                                                       , 
Work out which option shows the figure on the left when folded along the dotted line.                                                                                                                                                                                  , "A,B,C,D"         , A     , 2D Folding      , images/wild/cem_467.jpg                                                          , easy      , wild     , Intrinsic-Dynamic, images/wild/cem_467.jpg                                               ,                                                                             ,                                                                       ,                                                                       ,                                                                       ,                                                                       , 
Which figure that shows how the left-hand figure will look when folded along the dotted line?                                                                                                                                                                          , "A, B, C, D"      , A     , 2D Folding      , images/wild/rc_38.jpg                                                            , easy      , wild     , Intrinsic-Dynamic, images/wild/rc_38.jpg                                                 ,                                                                             ,                                                                       ,                                                                       ,                                                                       ,                                                                       , 
Work out which option shows the figure on the left when folded along the dotted line.                                                                                                                                                                                  , "A,B,C,D"         , B     , 2D Folding      , images/wild/cem_248.jpg                                                          , easy      , wild     , Intrinsic-Dynamic, images/wild/cem_248.jpg                                               ,                                                                             ,                                                                       ,                                                                       ,                                                                       ,                                                                       , 
Work out which option shows the figure on the left when folded along the dotted line.                                                                                                                                                                                  , "A,B,C,D"         , B     , 2D Folding      , images/wild/cem_411.jpg                                                          , easy      , wild     , Intrinsic-Dynamic, images/wild/cem_411.jpg                                               ,                                                                             ,                                                                       ,                                                                       ,                                                                       ,                                                                       , 
Work out which option shows the figure on the left when folded along the dotted line.                                                                                                                                                                                  , "A,B,C,D"         , A     , 2D Folding      , images/wild/cem_107.jpg                                                          , easy      , wild     , Intrinsic-Dynamic, images/wild/cem_107.jpg                                               ,                                                                             ,                                                                       ,                                                                       ,                                                                       ,                                                                       , 
"Which figure that shows how the left-hand figure will look when folded along the dotted line?  The fold should be made towards the dotted line, not away from it."                                                                                                    , "A, B, C, D"      , D     , 2D Folding      , images/wild/rc_180.jpg                                                           , easy      , wild     , Intrinsic-Dynamic, images/wild/rc_180.jpg                                                ,                                                                             ,                                                                       ,                                                                       ,                                                                       ,                                                                       , 
Work out which option shows the figure on the left when folded along the dotted line.                                                                                                                                                                                  , "A,B,C,D"         , C     , 2D Folding      , images/wild/cem_534.jpg                                                          , easy      , wild     , Intrinsic-Dynamic, images/wild/cem_534.jpg                                               ,                                                                             ,                                                                       ,                                                                       ,                                                                       ,                                                                       , 
Work out which option shows the figure on the left when folded along the dotted line.                                                                                                                                                                                  , "A,B,C,D"         , C     , 2D Folding      , images/wild/cem_0.jpg                                                            , easy      , wild     , Intrinsic-Dynamic, images/wild/cem_0.jpg                                                 ,                                                                             ,                                                                       ,                                                                       ,                                                                       ,                                                                       , 
Which figure that shows how the left-hand figure will look when folded along the dotted line?                                                                                                                                                                          , "A, B, C, D"      , B     , 2D Folding      , images/wild/rc_44.jpg                                                            , easy      , wild     , Intrinsic-Dynamic, images/wild/rc_44.jpg                                                 ,                                                                             ,                                                                       ,                                                                       ,                                                                       ,                                                                       , 
Work out which option shows the figure on the left when folded along the dotted line.                                                                                                                                                                                  , "A,B,C,D"         , B     , 2D Folding      , images/wild/cem_490.jpg                                                          , easy      , wild     , Intrinsic-Dynamic, images/wild/cem_490.jpg                                               ,                                                                             ,                                                                       ,                                                                       ,                                                                       ,                                                                       , 
"Which figure that shows how the left-hand figure will look when folded along the dotted line?  The fold should be made towards the dotted line, not away from it."                                                                                                    , "A, B, C, D"      , D     , 2D Folding      , images/wild/rc_178.jpg                                                           , easy      , wild     , Intrinsic-Dynamic, images/wild/rc_178.jpg                                                ,                                                                             ,                                                                       ,                                                                       ,                                                                       ,                                                                       , 
Work out which option shows the figure on the left when folded along the dotted line.                                                                                                                                                                                  , "A,B,C,D"         , A     , 2D Folding      , images/wild/cem_491.jpg                                                          , easy      , wild     , Intrinsic-Dynamic, images/wild/cem_491.jpg                                               ,                                                                             ,                                                                       ,                                                                       ,                                                                       ,                                                                       , 
Work out which option shows the figure on the left when folded along the dotted line.                                                                                                                                                                                  , "A,B,C,D"         , D     , 2D Folding      , images/wild/cem_531.jpg                                                          , easy      , wild     , Intrinsic-Dynamic, images/wild/cem_531.jpg                                               ,                                                                             ,                                                                       ,                                                                       ,                                                                       ,                                                                       , 
Work out which option shows the figure on the left when folded along the dotted line.                                                                                                                                                                                  , "A,B,C,D"         , D     , 2D Folding      , images/wild/cem_191.jpg                                                          , easy      , wild     , Intrinsic-Dynamic, images/wild/cem_191.jpg                                               ,                                                                             ,                                                                       ,                                                                       ,                                                                       ,                                                                       , 
Which figure that shows how the left-hand figure will look when folded along the dotted line?                                                                                                                                                                          , "A, B, C, D"      , A     , 2D Folding      , images/wild/rc_42.jpg                                                            , easy      , wild     , Intrinsic-Dynamic, images/wild/rc_42.jpg                                                 ,                                                                             ,                                                                       ,                                                                       ,                                                                       ,                                                                       , 
Work out which option shows the figure on the left when folded along the dotted line.                                                                                                                                                                                  , "A,B,C,D"         , A     , 2D Folding      , images/wild/cem_362.jpg                                                          , easy      , wild     , Intrinsic-Dynamic, images/wild/cem_362.jpg                                               ,                                                                             ,                                                                       ,                                                                       ,                                                                       ,                                                                       , 
"Which figure that shows how the left-hand figure will look when folded along the dotted line?  The fold should be made towards the dotted line, not away from it."                                                                                                    , "A, B, C, D"      , A     , 2D Folding      , images/wild/rc_175.jpg                                                           , easy      , wild     , Intrinsic-Dynamic, images/wild/rc_175.jpg                                                ,                                                                             ,                                                                       ,                                                                       ,                                                                       ,                                                                       , 
Work out which option shows the figure on the left when folded along the dotted line.                                                                                                                                                                                  , "A,B,C,D"         , B     , 2D Folding      , images/wild/cem_104.jpg                                                          , easy      , wild     , Intrinsic-Dynamic, images/wild/cem_104.jpg                                               ,                                                                             ,                                                                       ,                                                                       ,                                                                       ,                                                                       , 
Work out which option shows the figure on the left when folded along the dotted line.                                                                                                                                                                                  , "A,B,C,D"         , A     , 2D Folding      , images/wild/cem_533.jpg                                                          , easy      , wild     , Intrinsic-Dynamic, images/wild/cem_533.jpg                                               ,                                                                             ,                                                                       ,                                                                       ,                                                                       ,                                                                       , 
Work out which option shows the figure on the left when folded along the dotted line.                                                                                                                                                                                  , "A,B,C,D"         , C     , 2D Folding      , images/wild/cem_277.jpg                                                          , easy      , wild     , Intrinsic-Dynamic, images/wild/cem_277.jpg                                               ,                                                                             ,                                                                       ,                                                                       ,                                                                       ,                                                                       , 
Which figure that shows how the left-hand figure will look when folded along the dotted line?                                                                                                                                                                          , "A, B, C, D"      , A     , 2D Folding      , images/wild/rc_47.jpg                                                            , easy      , wild     , Intrinsic-Dynamic, images/wild/rc_47.jpg                                                 ,                                                                             ,                                                                       ,                                                                       ,                                                                       ,                                                                       , 
Work out which option shows the figure on the left when folded along the dotted line.                                                                                                                                                                                  , "A,B,C,D"         , A     , 2D Folding      , images/wild/cem_276.jpg                                                          , easy      , wild     , Intrinsic-Dynamic, images/wild/cem_276.jpg                                               ,                                                                             ,                                                                       ,                                                                       ,                                                                       ,                                                                       , 
Work out which option shows the figure on the left when folded along the dotted line.                                                                                                                                                                                  , "A,B,C,D"         , A     , 2D Folding      , images/wild/cem_60.jpg                                                           , easy      , wild     , Intrinsic-Dynamic, images/wild/cem_60.jpg                                                ,                                                                             ,                                                                       ,                                                                       ,                                                                       ,                                                                       , 
Work out which option shows the figure on the left when folded along the dotted line.                                                                                                                                                                                  , "A,B,C,D"         , D     , 2D Folding      , images/wild/cem_3.jpg                                                            , hard      , wild     , Intrinsic-Dynamic, images/wild/cem_3.jpg                                                 ,                                                                             ,                                                                       ,                                                                       ,                                                                       ,                                                                       , 
"Which figure that shows how the left-hand figure will look when folded along the dotted line?  The fold should be made towards the dotted line, not away from it."                                                                                                    , "A, B, C, D"      , B     , 2D Folding      , images/wild/rc_181.jpg                                                           , hard      , wild     , Intrinsic-Dynamic, images/wild/rc_181.jpg                                                ,                                                                             ,                                                                       ,                                                                       ,                                                                       ,                                                                       , 
Work out which option shows the figure on the left when folded along the dotted line.                                                                                                                                                                                  , "A,B,C,D"         , C     , 2D Folding      , images/wild/cem_62.jpg                                                           , hard      , wild     , Intrinsic-Dynamic, images/wild/cem_62.jpg                                                ,                                                                             ,                                                                       ,                                                                       ,                                                                       ,                                                                       , 
Work out which option shows the figure on the left when folded along the dotted line.                                                                                                                                                                                  , "A,B,C,D"         , C     , 2D Folding      , images/wild/cem_466.jpg                                                          , hard      , wild     , Intrinsic-Dynamic, images/wild/cem_466.jpg                                               ,                                                                             ,                                                                       ,                                                                       ,                                                                       ,                                                                       , 
Which figure that shows how the left-hand figure will look when folded along the dotted line?                                                                                                                                                                          , "A, B, C, D"      , B     , 2D Folding      , images/wild/rc_48.jpg                                                            , hard      , wild     , Intrinsic-Dynamic, images/wild/rc_48.jpg                                                 ,                                                                             ,                                                                       ,                                                                       ,                                                                       ,                                                                       , 
Work out which option shows the figure on the left when folded along the dotted line.                                                                                                                                                                                  , "A,B,C,D"         , C     , 2D Folding      , images/wild/cem_61.jpg                                                           , hard      , wild     , Intrinsic-Dynamic, images/wild/cem_61.jpg                                                ,                                                                             ,                                                                       ,                                                                       ,                                                                       ,                                                                       , 
Work out which option shows the figure on the left when folded along the dotted line.                                                                                                                                                                                  , "A,B,C,D"         , A     , 2D Folding      , images/wild/cem_465.jpg                                                          , hard      , wild     , Intrinsic-Dynamic, images/wild/cem_465.jpg                                               ,                                                                             ,                                                                       ,                                                                       ,                                                                       ,                                                                       , 
Work out which option shows the figure on the left when folded along the dotted line.                                                                                                                                                                                  , "A,B,C,D"         , B     , 2D Folding      , images/wild/cem_530.jpg                                                          , hard      , wild     , Intrinsic-Dynamic, images/wild/cem_530.jpg                                               ,                                                                             ,                                                                       ,                                                                       ,                                                                       ,                                                                       , 
Which figure that shows how the left-hand figure will look when folded along the dotted line?                                                                                                                                                                          , "A, B, C, D"      , C     , 2D Folding      , images/wild/rc_41.jpg                                                            , hard      , wild     , Intrinsic-Dynamic, images/wild/rc_41.jpg                                                 ,                                                                             ,                                                                       ,                                                                       ,                                                                       ,                                                                       , 
Work out which option shows the figure on the left when folded along the dotted line.                                                                                                                                                                                  , "A,B,C,D"         , D     , 2D Folding      , images/wild/cem_365.jpg                                                          , hard      , wild     , Intrinsic-Dynamic, images/wild/cem_365.jpg                                               ,                                                                             ,                                                                       ,                                                                       ,                                                                       ,                                                                       , 
Work out which option shows the figure on the left when folded along the dotted line.                                                                                                                                                                                  , "A,B,C,D"         , B     , 2D Folding      , images/wild/cem_414.jpg                                                          , hard      , wild     , Intrinsic-Dynamic, images/wild/cem_414.jpg                                               ,                                                                             ,                                                                       ,                                                                       ,                                                                       ,                                                                       , 
Work out which option shows the figure on the left when folded along the dotted line.                                                                                                                                                                                  , "A,B,C,D"         , B     , 2D Folding      , images/wild/cem_278.jpg                                                          , hard      , wild     , Intrinsic-Dynamic, images/wild/cem_278.jpg                                               ,                                                                             ,                                                                       ,                                                                       ,                                                                       ,                                                                       , 
Which figure that shows how the left-hand figure will look when folded along the dotted line?                                                                                                                                                                          , "A, B, C, D"      , D     , 2D Folding      , images/wild/rc_43.jpg                                                            , hard      , wild     , Intrinsic-Dynamic, images/wild/rc_43.jpg                                                 ,                                                                             ,                                                                       ,                                                                       ,                                                                       ,                                                                       , 
Work out which option shows the figure on the left when folded along the dotted line.                                                                                                                                                                                  , "A,B,C,D"         , D     , 2D Folding      , images/wild/cem_532.jpg                                                          , hard      , wild     , Intrinsic-Dynamic, images/wild/cem_532.jpg                                               ,                                                                             ,                                                                       ,                                                                       ,                                                                       ,                                                                       , 
Which figure that shows how the left-hand figure will look when folded along the dotted line?                                                                                                                                                                          , "A, B, C, D"      , B     , 2D Folding      , images/wild/rc_46.jpg                                                            , hard      , wild     , Intrinsic-Dynamic, images/wild/rc_46.jpg                                                 ,                                                                             ,                                                                       ,                                                                       ,                                                                       ,                                                                       , 
Work out which option shows the figure on the left when folded along the dotted line.                                                                                                                                                                                  , "A,B,C,D"         , B     , 2D Folding      , images/wild/cem_2.jpg                                                            , hard      , wild     , Intrinsic-Dynamic, images/wild/cem_2.jpg                                                 ,                                                                             ,                                                                       ,                                                                       ,                                                                       ,                                                                       , 
Work out which option shows the figure on the left when folded along the dotted line.                                                                                                                                                                                  , "A,B,C,D"         , A     , 2D Folding      , images/wild/cem_279.jpg                                                          , hard      , wild     , Intrinsic-Dynamic, images/wild/cem_279.jpg                                               ,                                                                             ,                                                                       ,                                                                       ,                                                                       ,                                                                       , 
Work out which option shows the figure on the left when folded along the dotted line.                                                                                                                                                                                  , "A,B,C,D"         , D     , 2D Folding      , images/wild/cem_494.jpg                                                          , hard      , wild     , Intrinsic-Dynamic, images/wild/cem_494.jpg                                               ,                                                                             ,                                                                       ,                                                                       ,                                                                       ,                                                                       , 
Which figure that shows how the left-hand figure will look when folded along the dotted line?                                                                                                                                                                          , "A, B, C, D"      , C     , 2D Folding      , images/wild/rc_45.jpg                                                            , hard      , wild     , Intrinsic-Dynamic, images/wild/rc_45.jpg                                                 ,                                                                             ,                                                                       ,                                                                       ,                                                                       ,                                                                       , 
Work out which option shows the figure on the left when folded along the dotted line.                                                                                                                                                                                  , "A,B,C,D"         , C     , 2D Folding      , images/wild/cem_492.jpg                                                          , hard      , wild     , Intrinsic-Dynamic, images/wild/cem_492.jpg                                               ,                                                                             ,                                                                       ,                                                                       ,                                                                       ,                                                                       , 
Work out which option shows the figure on the left when folded along the dotted line.                                                                                                                                                                                  , "A,B,C,D"         , C     , 2D Folding      , images/wild/cem_493.jpg                                                          , hard      , wild     , Intrinsic-Dynamic, images/wild/cem_493.jpg                                               ,                                                                             ,                                                                       ,                                                                       ,                                                                       ,                                                                       , 
Work out which option shows the figure on the left when folded along the dotted line.                                                                                                                                                                                  , "A,B,C,D"         , D     , 2D Folding      , images/wild/cem_469.jpg                                                          , hard      , wild     , Intrinsic-Dynamic, images/wild/cem_469.jpg                                               ,                                                                             ,                                                                       ,                                                                       ,                                                                       ,                                                                       , 
Work out which option shows the figure on the left when folded along the dotted line.                                                                                                                                                                                  , "A,B,C,D"         , A     , 2D Folding      , images/wild/cem_4.jpg                                                            , medium    , wild     , Intrinsic-Dynamic, images/wild/cem_4.jpg                                                 ,                                                                             ,                                                                       ,                                                                       ,                                                                       ,                                                                       , 
Work out which option shows the figure on the left when folded along the dotted line.                                                                                                                                                                                  , "A,B,C,D"         , D     , 2D Folding      , images/wild/cem_251.jpg                                                          , medium    , wild     , Intrinsic-Dynamic, images/wild/cem_251.jpg                                               ,                                                                             ,                                                                       ,                                                                       ,                                                                       ,                                                                       , 
Work out which option shows the figure on the left when folded along the dotted line.                                                                                                                                                                                  , "A,B,C,D"         , C     , 2D Folding      , images/wild/cem_249.jpg                                                          , medium    , wild     , Intrinsic-Dynamic, images/wild/cem_249.jpg                                               ,                                                                             ,                                                                       ,                                                                       ,                                                                       ,                                                                       , 
Work out which option shows the figure on the left when folded along the dotted line.                                                                                                                                                                                  , "A,B,C,D"         , D     , 2D Folding      , images/wild/cem_63.jpg                                                           , medium    , wild     , Intrinsic-Dynamic, images/wild/cem_63.jpg                                                ,                                                                             ,                                                                       ,                                                                       ,                                                                       ,                                                                       , 
Work out which option shows the figure on the left when folded along the dotted line.                                                                                                                                                                                  , "A,B,C,D"         , C     , 2D Folding      , images/wild/cem_108.jpg                                                          , medium    , wild     , Intrinsic-Dynamic, images/wild/cem_108.jpg                                               ,                                                                             ,                                                                       ,                                                                       ,                                                                       ,                                                                       , 
Work out which option shows the figure on the left when folded along the dotted line.                                                                                                                                                                                  , "A,B,C,D"         , A     , 2D Folding      , images/wild/cem_413.jpg                                                          , medium    , wild     , Intrinsic-Dynamic, images/wild/cem_413.jpg                                               ,                                                                             ,                                                                       ,                                                                       ,                                                                       ,                                                                       , 
Work out which option shows the figure on the left when folded along the dotted line.                                                                                                                                                                                  , "A,B,C,D"         , C     , 2D Folding      , images/wild/cem_1.jpg                                                            , medium    , wild     , Intrinsic-Dynamic, images/wild/cem_1.jpg                                                 ,                                                                             ,                                                                       ,                                                                       ,                                                                       ,                                                                       , 
Work out which option shows the figure on the left when folded along the dotted line.                                                                                                                                                                                  , "A,B,C,D"         , B     , 2D Folding      , images/wild/cem_192.jpg                                                          , medium    , wild     , Intrinsic-Dynamic, images/wild/cem_192.jpg                                               ,                                                                             ,                                                                       ,                                                                       ,                                                                       ,                                                                       , 
"Which figure that shows how the left-hand figure will look when folded along the dotted line?  The fold should be made towards the dotted line, not away from it."                                                                                                    , "A, B, C, D"      , B     , 2D Folding      , images/wild/rc_183.jpg                                                           , medium    , wild     , Intrinsic-Dynamic, images/wild/rc_183.jpg                                                ,                                                                             ,                                                                       ,                                                                       ,                                                                       ,                                                                       , 
Work out which option shows the figure on the left when folded along the dotted line.                                                                                                                                                                                  , "A,B,C,D"         , A     , 2D Folding      , images/wild/cem_190.jpg                                                          , medium    , wild     , Intrinsic-Dynamic, images/wild/cem_190.jpg                                               ,                                                                             ,                                                                       ,                                                                       ,                                                                       ,                                                                       , 
Work out which option shows the figure on the left when folded along the dotted line.                                                                                                                                                                                  , "A,B,C,D"         , A     , 2D Folding      , images/wild/cem_189.jpg                                                          , medium    , wild     , Intrinsic-Dynamic, images/wild/cem_189.jpg                                               ,                                                                             ,                                                                       ,                                                                       ,                                                                       ,                                                                       , 
Work out which option shows the figure on the left when folded along the dotted line.                                                                                                                                                                                  , "A,B,C,D"         , C     , 2D Folding      , images/wild/cem_193.jpg                                                          , medium    , wild     , Intrinsic-Dynamic, images/wild/cem_193.jpg                                               ,                                                                             ,                                                                       ,                                                                       ,                                                                       ,                                                                       , 
Which figure is a rotation of the object?                                                                                                                                                                                                                              , "A, B, C, D"      , C     , 2D Rotation     , images/wild/image_51.jpg                                                         , easy      , wild     , Intrinsic-Dynamic, images/wild/image_51.jpg                                              ,                                                                             ,                                                                       ,                                                                       ,                                                                       ,                                                                       , 
Which figure is a reflection of the object?                                                                                                                                                                                                                            , "A, B, C, D"      , A     , 2D Rotation     , images/wild/image_30.jpg                                                         , easy      , wild     , Intrinsic-Dynamic, images/wild/image_30.jpg                                              ,                                                                             ,                                                                       ,                                                                       ,                                                                       ,                                                                       , 
"Which of the 4 figures presented (A, B, C, D) is a rotation of the first?"                                                                                                                                                                                            , "A, B, C, D"      , A     , 2D Rotation     , images/wild/image_7.jpg                                                          , easy      , wild     , Intrinsic-Dynamic, images/wild/image_7.jpg                                               ,                                                                             ,                                                                       ,                                                                       ,                                                                       ,                                                                       , 
Which figure is a reflection of the object?                                                                                                                                                                                                                            , "A, B, C, D"      , C     , 2D Rotation     , images/wild/image_56.jpg                                                         , easy      , wild     , Intrinsic-Dynamic, images/wild/image_56.jpg                                              ,                                                                             ,                                                                       ,                                                                       ,                                                                       ,                                                                       , 
Which figure is a reflection of the object?                                                                                                                                                                                                                            , "A, B, C, D"      , B     , 2D Rotation     , images/wild/image_31.jpg                                                         , easy      , wild     , Intrinsic-Dynamic, images/wild/image_31.jpg                                              ,                                                                             ,                                                                       ,                                                                       ,                                                                       ,                                                                       , 
Which figure is a rotation of the object?                                                                                                                                                                                                                              , "A, B, C, D"      , B     , 2D Rotation     , images/wild/image_58.jpg                                                         , easy      , wild     , Intrinsic-Dynamic, images/wild/image_58.jpg                                              ,                                                                             ,                                                                       ,                                                                       ,                                                                       ,                                                                       , 
Which figure is a reflection of the object?                                                                                                                                                                                                                            , "A, B, C, D"      , B     , 2D Rotation     , images/wild/image_73.jpg                                                         , easy      , wild     , Intrinsic-Dynamic, images/wild/image_73.jpg                                              ,                                                                             ,                                                                       ,                                                                       ,                                                                       ,                                                                       , 
"Which of the 4 figures presented (A, B, C, D) is a rotation of the first?"                                                                                                                                                                                            , "A, B, C, D"      , D     , 2D Rotation     , images/wild/image_21.jpg                                                         , easy      , wild     , Intrinsic-Dynamic, images/wild/image_21.jpg                                              ,                                                                             ,                                                                       ,                                                                       ,                                                                       ,                                                                       , 
"Which of the 4 figures presented (A, B, C, D) is a rotation of the first?"                                                                                                                                                                                            , "A, B, C, D"      , B     , 2D Rotation     , images/wild/image_6.jpg                                                          , easy      , wild     , Intrinsic-Dynamic, images/wild/image_6.jpg                                               ,                                                                             ,                                                                       ,                                                                       ,                                                                       ,                                                                       , 
Which figure is a rotation of the object?                                                                                                                                                                                                                              , "A, B, C, D"      , A     , 2D Rotation     , images/wild/image_29.jpg                                                         , easy      , wild     , Intrinsic-Dynamic, images/wild/image_29.jpg                                              ,                                                                             ,                                                                       ,                                                                       ,                                                                       ,                                                                       , 
Which of these is a rotation of the Question figure?                                                                                                                                                                                                                   , "A, B, C, D"      , D     , 2D Rotation     , images/wild/image_25.jpg                                                         , easy      , wild     , Intrinsic-Dynamic, images/wild/image_25.jpg                                              ,                                                                             ,                                                                       ,                                                                       ,                                                                       ,                                                                       , 
"Which of the 4 figures presented (A, B, C, D) is a rotation of the first?"                                                                                                                                                                                            , "A, B, C, D"      , C     , 2D Rotation     , images/wild/image_5.jpg                                                          , easy      , wild     , Intrinsic-Dynamic, images/wild/image_5.jpg                                               ,                                                                             ,                                                                       ,                                                                       ,                                                                       ,                                                                       , 
Which figure is a rotation of the object?                                                                                                                                                                                                                              , "A, B, C, D"      , C     , 2D Rotation     , images/wild/image_28.jpg                                                         , easy      , wild     , Intrinsic-Dynamic, images/wild/image_28.jpg                                              ,                                                                             ,                                                                       ,                                                                       ,                                                                       ,                                                                       , 
Which figure is a reflection of the object?                                                                                                                                                                                                                            , "A, B, C, D"      , D     , 2D Rotation     , images/wild/image_63.jpg                                                         , easy      , wild     , Intrinsic-Dynamic, images/wild/image_63.jpg                                              ,                                                                             ,                                                                       ,                                                                       ,                                                                       ,                                                                       , 
Which figure is a rotation of the object?                                                                                                                                                                                                                              , "A, B, C, D"      , C     , 2D Rotation     , images/wild/image_74.jpg                                                         , easy      , wild     , Intrinsic-Dynamic, images/wild/image_74.jpg                                              ,                                                                             ,                                                                       ,                                                                       ,                                                                       ,                                                                       , 
"Which of the 4 figures presented (A, B, C, D) is a rotation of the first?"                                                                                                                                                                                            , "A, B, C, D"      , A     , 2D Rotation     , images/wild/image_20.jpg                                                         , easy      , wild     , Intrinsic-Dynamic, images/wild/image_20.jpg                                              ,                                                                             ,                                                                       ,                                                                       ,                                                                       ,                                                                       , 
"Which of the 4 figures presented (A, B, C, D) is a rotation of the first?"                                                                                                                                                                                            , "A, B, C, D"      , D     , 2D Rotation     , images/wild/image_17.jpg                                                         , easy      , wild     , Intrinsic-Dynamic, images/wild/image_17.jpg                                              ,                                                                             ,                                                                       ,                                                                       ,                                                                       ,                                                                       , 
"Which of the 4 figures presented (A, B, C, D) is a rotation of the first?"                                                                                                                                                                                            , "A, B, C, D"      , C     , 2D Rotation     , images/wild/image_8.jpg                                                          , easy      , wild     , Intrinsic-Dynamic, images/wild/image_8.jpg                                               ,                                                                             ,                                                                       ,                                                                       ,                                                                       ,                                                                       , 
"Which of the 4 figures presented (A, B, C, D) is a rotation of the first?"                                                                                                                                                                                            , "A, B, C, D"      , B     , 2D Rotation     , images/wild/image_22.jpg                                                         , hard      , wild     , Intrinsic-Dynamic, images/wild/image_22.jpg                                              ,                                                                             ,                                                                       ,                                                                       ,                                                                       ,                                                                       , 
Which figure is a rotation of the object?                                                                                                                                                                                                                              , "A, B, C, D"      , D     , 2D Rotation     , images/wild/image_32.jpg                                                         , hard      , wild     , Intrinsic-Dynamic, images/wild/image_32.jpg                                              ,                                                                             ,                                                                       ,                                                                       ,                                                                       ,                                                                       , 
Which figure is a reflection of the object?                                                                                                                                                                                                                            , "A, B, C, D"      , D     , 2D Rotation     , images/wild/image_60.jpg                                                         , hard      , wild     , Intrinsic-Dynamic, images/wild/image_60.jpg                                              ,                                                                             ,                                                                       ,                                                                       ,                                                                       ,                                                                       , 
Which figure is a rotation of the object?                                                                                                                                                                                                                              , "A, B, C, D"      , B     , 2D Rotation     , images/wild/image_52.jpg                                                         , medium    , wild     , Intrinsic-Dynamic, images/wild/image_52.jpg                                              ,                                                                             ,                                                                       ,                                                                       ,                                                                       ,                                                                       , 
Which figure is a reflection of the object?                                                                                                                                                                                                                            , "A, B, C, D"      , A     , 2D Rotation     , images/wild/image_57.jpg                                                         , medium    , wild     , Intrinsic-Dynamic, images/wild/image_57.jpg                                              ,                                                                             ,                                                                       ,                                                                       ,                                                                       ,                                                                       , 
"In each question, the shape on the left is hidden in one of the figures on the right. This shape stays exactly the same size and does not get rotated or flipped over. Which figure that contains the hidden shape?"                                                  , "A, B, C, D"      , B     , 2D Shape Finding, images/wild/rc_264.jpg                                                           , easy      , wild     , Intrinsic-Static , images/wild/rc_264.jpg                                                ,                                                                             ,                                                                       ,                                                                       ,                                                                       ,                                                                       , 
"In each question, the shape on the left is hidden in one of the figures on the right. This shape stays exactly the same size and does not get rotated or flipped over. Which figure that contains the hidden shape?"                                                  , "A, B, C, D"      , B     , 2D Shape Finding, images/wild/rc_260.jpg                                                           , easy      , wild     , Intrinsic-Static , images/wild/rc_260.jpg                                                ,                                                                             ,                                                                       ,                                                                       ,                                                                       ,                                                                       , 
"In each question, the shape on the left is hidden in one of the figures on the right. This shape stays exactly the same size and does not get rotated or flipped over. Which figure that contains the hidden shape?"                                                  , "A, B, C, D"      , D     , 2D Shape Finding, images/wild/rc_262.jpg                                                           , easy      , wild     , Intrinsic-Static , images/wild/rc_262.jpg                                                ,                                                                             ,                                                                       ,                                                                       ,                                                                       ,                                                                       , 
"In each question, the shape on the left is hidden in one of the figures on the right. This shape stays exactly the same size and does not get rotated or flipped over. Which figure that contains the hidden shape?"                                                  , "A, B, C, D"      , C     , 2D Shape Finding, images/wild/rc_267.jpg                                                           , easy      , wild     , Intrinsic-Static , images/wild/rc_267.jpg                                                ,                                                                             ,                                                                       ,                                                                       ,                                                                       ,                                                                       , 
"In each question, the shape on the left is hidden in one of the figures on the right. This shape stays exactly the same size and does not get rotated or flipped over.Which figure that contains the hidden shape?"                                                   , "A, B, C, D"      , C     , 2D Shape Finding, images/wild/rc_126.jpg                                                           , easy      , wild     , Intrinsic-Static , images/wild/rc_126.jpg                                                ,                                                                             ,                                                                       ,                                                                       ,                                                                       ,                                                                       , 
"In each question, the shape on the left is hidden in one of the figures on the right. This shape stays exactly the same size and does not get rotated or flipped over.Which figure that contains the hidden shape?"                                                   , "A, B, C, D"      , A     , 2D Shape Finding, images/wild/rc_129.jpg                                                           , easy      , wild     , Intrinsic-Static , images/wild/rc_129.jpg                                                ,                                                                             ,                                                                       ,                                                                       ,                                                                       ,                                                                       , 
"In each question, the shape on the left is hidden in one of the figures on the right. This shape stays exactly the same size and does not get rotated or flipped over. Which figure that contains the hidden shape?"                                                  , "A, B, C, D"      , D     , 2D Shape Finding, images/wild/rc_263.jpg                                                           , easy      , wild     , Intrinsic-Static , images/wild/rc_263.jpg                                                ,                                                                             ,                                                                       ,                                                                       ,                                                                       ,                                                                       , 
"In each question, the shape on the left is hidden in one of the figures on the right. This shape stays exactly the same size and does not get rotated or flipped over. Which figure that contains the hidden shape?"                                                  , "A, B, C, D"      , A     , 2D Shape Finding, images/wild/rc_266.jpg                                                           , easy      , wild     , Intrinsic-Static , images/wild/rc_266.jpg                                                ,                                                                             ,                                                                       ,                                                                       ,                                                                       ,                                                                       , 
"In each question, the shape on the left is hidden in one of the figures on the right. This shape stays exactly the same size and does not get rotated or flipped over.Which figure that contains the hidden shape?"                                                   , "A, B, C, D"      , B     , 2D Shape Finding, images/wild/rc_133.jpg                                                           , hard      , wild     , Intrinsic-Static , images/wild/rc_133.jpg                                                ,                                                                             ,                                                                       ,                                                                       ,                                                                       ,                                                                       , 
"In each question, the shape on the left is hidden in one of the figures on the right. This shape stays exactly the same size and does not get rotated or flipped over.Which figure that contains the hidden shape?"                                                   , "A, B, C, D"      , B     , 2D Shape Finding, images/wild/rc_128.jpg                                                           , hard      , wild     , Intrinsic-Static , images/wild/rc_128.jpg                                                ,                                                                             ,                                                                       ,                                                                       ,                                                                       ,                                                                       , 
"In each question, the shape on the left is hidden in one of the figures on the right. This shape stays exactly the same size and does not get rotated or flipped over.Which figure that contains the hidden shape?"                                                   , "A, B, C, D"      , D     , 2D Shape Finding, images/wild/rc_131.jpg                                                           , hard      , wild     , Intrinsic-Static , images/wild/rc_131.jpg                                                ,                                                                             ,                                                                       ,                                                                       ,                                                                       ,                                                                       , 
"In each question, the shape on the left is hidden in one of the figures on the right. This shape stays exactly the same size and does not get rotated or flipped over. Which figure that contains the hidden shape?"                                                  , "A, B, C, D"      , A     , 2D Shape Finding, images/wild/rc_268.jpg                                                           , hard      , wild     , Intrinsic-Static , images/wild/rc_268.jpg                                                ,                                                                             ,                                                                       ,                                                                       ,                                                                       ,                                                                       , 
"In each question, the shape on the left is hidden in one of the figures on the right. This shape stays exactly the same size and does not get rotated or flipped over.Which figure that contains the hidden shape?"                                                   , "A, B, C, D"      , C     , 2D Shape Finding, images/wild/rc_127.jpg                                                           , hard      , wild     , Intrinsic-Static , images/wild/rc_127.jpg                                                ,                                                                             ,                                                                       ,                                                                       ,                                                                       ,                                                                       , 
"In each question, the shape on the left is hidden in one of the figures on the right. This shape stays exactly the same size and does not get rotated or flipped over. Which figure that contains the hidden shape?"                                                  , "A, B, C, D"      , C     , 2D Shape Finding, images/wild/rc_265.jpg                                                           , hard      , wild     , Intrinsic-Static , images/wild/rc_265.jpg                                                ,                                                                             ,                                                                       ,                                                                       ,                                                                       ,                                                                       , 
"In each question, the shape on the left is hidden in one of the figures on the right. This shape stays exactly the same size and does not get rotated or flipped over.Which figure that contains the hidden shape?"                                                   , "A, B, C, D"      , D     , 2D Shape Finding, images/wild/rc_130.jpg                                                           , hard      , wild     , Intrinsic-Static , images/wild/rc_130.jpg                                                ,                                                                             ,                                                                       ,                                                                       ,                                                                       ,                                                                       , 
"In each question, the shape on the left is hidden in one of the figures on the right. This shape stays exactly the same size and does not get rotated or flipped over. Which figure that contains the hidden shape?"                                                  , "A, B, C, D"      , A     , 2D Shape Finding, images/wild/rc_269.jpg                                                           , hard      , wild     , Intrinsic-Static , images/wild/rc_269.jpg                                                ,                                                                             ,                                                                       ,                                                                       ,                                                                       ,                                                                       , 
"In each question, the shape on the left is hidden in one of the figures on the right. This shape stays exactly the same size and does not get rotated or flipped over.Which figure that contains the hidden shape?"                                                   , "A, B, C, D"      , C     , 2D Shape Finding, images/wild/rc_132.jpg                                                           , hard      , wild     , Intrinsic-Static , images/wild/rc_132.jpg                                                ,                                                                             ,                                                                       ,                                                                       ,                                                                       ,                                                                       , 
"In each question, the shape on the left is hidden in one of the figures on the right. This shape stays exactly the same size and does not get rotated or flipped over.Which figure that contains the hidden shape?"                                                   , "A, B, C, D"      , B     , 2D Shape Finding, images/wild/rc_125.jpg                                                           , medium    , wild     , Intrinsic-Static , images/wild/rc_125.jpg                                                ,                                                                             ,                                                                       ,                                                                       ,                                                                       ,                                                                       , 
"In each question, the shape on the left is hidden in one of the figures on the right. This shape stays exactly the same size and does not get rotated or flipped over.Which figure that contains the hidden shape?"                                                   , "A, B, C, D"      , C     , 2D Shape Finding, images/wild/rc_134.jpg                                                           , medium    , wild     , Intrinsic-Static , images/wild/rc_134.jpg                                                ,                                                                             ,                                                                       ,                                                                       ,                                                                       ,                                                                       , 
"In each question, the shape on the left is hidden in one of the figures on the right. This shape stays exactly the same size and does not get rotated or flipped over. Which figure that contains the hidden shape?"                                                  , "A, B, C, D"      , D     , 2D Shape Finding, images/wild/rc_261.jpg                                                           , medium    , wild     , Intrinsic-Static , images/wild/rc_261.jpg                                                ,                                                                             ,                                                                       ,                                                                       ,                                                                       ,                                                                       , 
"In each question, the shape on the left is hidden in one of the figures on the right. This shape stays exactly the same size and does not get rotated or flipped over. Which figure that contains the hidden shape?"                                                  , "A, B, C, D"      , C     , 2D Shape Finding, images/wild/rc_259.jpg                                                           , medium    , wild     , Intrinsic-Static , images/wild/rc_259.jpg                                                ,                                                                             ,                                                                       ,                                                                       ,                                                                       ,                                                                       , 
Work out which set of blocks can be put together to make the 3D figure on the left.                                                                                                                                                                                    , "A,B,C,D"         , A     , 3D Combination  , images/wild/cem_416.jpg                                                          , easy      , wild     , Extrinsic-Dynamic, images/wild/cem_416.jpg                                               ,                                                                             ,                                                                       ,                                                                       ,                                                                       ,                                                                       , 
Work out which set of blocks can be put together to make the 3D figure on the left.                                                                                                                                                                                    , "A,B,C,D"         , A     , 3D Combination  , images/wild/cem_417.jpg                                                          , easy      , wild     , Extrinsic-Dynamic, images/wild/cem_417.jpg                                               ,                                                                             ,                                                                       ,                                                                       ,                                                                       ,                                                                       , 
Work out which set of blocks can be put together to make the 3D figure on the left.                                                                                                                                                                                    , "A,B,C,D"         , D     , 3D Combination  , images/wild/cem_211.jpg                                                          , easy      , wild     , Extrinsic-Dynamic, images/wild/cem_211.jpg                                               ,                                                                             ,                                                                       ,                                                                       ,                                                                       ,                                                                       , 
"Without rotating the figure on the left, work out which option fits onto it to make the 3D shape in the grey box."                                                                                                                                                    , "A,B,C,D"         , A     , 3D Combination  , images/wild/cem_110.jpg                                                          , easy      , wild     , Extrinsic-Dynamic, images/wild/cem_110.jpg                                               ,                                                                             ,                                                                       ,                                                                       ,                                                                       ,                                                                       , 
Which figure that can be combined with the first figure to create the shape in the grey box? The first figure must not be rotated.                                                                                                                                     , "A, B, C, D"      , D     , 3D Combination  , images/wild/rc_24.jpg                                                            , easy      , wild     , Extrinsic-Dynamic, images/wild/rc_24.jpg                                                 ,                                                                             ,                                                                       ,                                                                       ,                                                                       ,                                                                       , 
Which set of blocks that can be combined to make the figure on the left?                                                                                                                                                                                               , "A, B, C, D"      , A     , 3D Combination  , images/wild/rc_142.jpg                                                           , easy      , wild     , Extrinsic-Dynamic, images/wild/rc_142.jpg                                                ,                                                                             ,                                                                       ,                                                                       ,                                                                       ,                                                                       , 
Work out which set of blocks can be put together to make the 3D figure on the left.                                                                                                                                                                                    , "A,B,C,D"         , C     , 3D Combination  , images/wild/cem_246.jpg                                                          , easy      , wild     , Extrinsic-Dynamic, images/wild/cem_246.jpg                                               ,                                                                             ,                                                                       ,                                                                       ,                                                                       ,                                                                       , 
Work out which set of blocks can be put together to make the 3D figure on the left                                                                                                                                                                                     , "A,B,C,D"         , B     , 3D Combination  , images/wild/cem_25.jpg                                                           , easy      , wild     , Extrinsic-Dynamic, images/wild/cem_25.jpg                                                ,                                                                             ,                                                                       ,                                                                       ,                                                                       ,                                                                       , 
Which figure that can be combined with the first figure to create the shape in the grey box? The first figure must not be rotated.                                                                                                                                     , "A, B, C, D"      , C     , 3D Combination  , images/wild/rc_156.jpg                                                           , easy      , wild     , Extrinsic-Dynamic, images/wild/rc_156.jpg                                                ,                                                                             ,                                                                       ,                                                                       ,                                                                       ,                                                                       , 
Which set of blocks that can be combined to make the figure on the left?                                                                                                                                                                                               , "A, B, C, D"      , D     , 3D Combination  , images/wild/rc_139.jpg                                                           , hard      , wild     , Extrinsic-Dynamic, images/wild/rc_139.jpg                                                ,                                                                             ,                                                                       ,                                                                       ,                                                                       ,                                                                       , 
"Without rotating the figure on the left, work out which option fits onto it to make the 3D shape in the grey box."                                                                                                                                                    , "A,B,C,D"         , D     , 3D Combination  , images/wild/cem_545.jpg                                                          , hard      , wild     , Extrinsic-Dynamic, images/wild/cem_545.jpg                                               ,                                                                             ,                                                                       ,                                                                       ,                                                                       ,                                                                       , 
Work out which set of blocks can be put together to make the 3D figure on the left.                                                                                                                                                                                    , "A,B,C,D"         , C     , 3D Combination  , images/wild/cem_143.jpg                                                          , hard      , wild     , Extrinsic-Dynamic, images/wild/cem_143.jpg                                               ,                                                                             ,                                                                       ,                                                                       ,                                                                       ,                                                                       , 
Work out which set of blocks can be put together to make the 3D figure on the left.                                                                                                                                                                                    , "A,B,C,D"         , B     , 3D Combination  , images/wild/cem_338.jpg                                                          , hard      , wild     , Extrinsic-Dynamic, images/wild/cem_338.jpg                                               ,                                                                             ,                                                                       ,                                                                       ,                                                                       ,                                                                       , 
"Without rotating the figure on the left, work out which option fits onto it to make the 3D shape in the grey box."                                                                                                                                                    , "A,B,C,D"         , B     , 3D Combination  , images/wild/cem_453.jpg                                                          , medium    , wild     , Extrinsic-Dynamic, images/wild/cem_453.jpg                                               ,                                                                             ,                                                                       ,                                                                       ,                                                                       ,                                                                       , 
"Without rotating the figure on the left, work out which option fits onto it to make the 3D shape in the grey box."                                                                                                                                                    , "A,B,C,D"         , A     , 3D Combination  , images/wild/cem_16.jpg                                                           , medium    , wild     , Extrinsic-Dynamic, images/wild/cem_16.jpg                                                ,                                                                             ,                                                                       ,                                                                       ,                                                                       ,                                                                       , 
Which set of blocks that can be combined to make the figure on the left?                                                                                                                                                                                               , "A, B, C, D"      , B     , 3D Combination  , images/wild/rc_12.jpg                                                            , medium    , wild     , Extrinsic-Dynamic, images/wild/rc_12.jpg                                                 ,                                                                             ,                                                                       ,                                                                       ,                                                                       ,                                                                       , 
Which 3D shape can be made from the 2D net by folding it away from you?                                                                                                                                                                                                , "A, B, C, D"      , A     , 3D Folding      , images/wild/image_12.jpg                                                         , easy      , wild     , Intrinsic-Dynamic, images/wild/image_12.jpg                                              ,                                                                             ,                                                                       ,                                                                       ,                                                                       ,                                                                       , 
"In each question, the shape on the left is hidden in one of the figures on the right. This shape stays exactly the same size and does not get rotated or flipped over.Which figure that contains the hidden shape?"                                                   , "A, B, C, D"      , C     , 3D Folding      , images/wild/rc_124.jpg                                                           , easy      , wild     , Intrinsic-Dynamic, images/wild/rc_124.jpg                                                ,                                                                             ,                                                                       ,                                                                       ,                                                                       ,                                                                       , 
Work out which of the four partial nets can be folded to make the cube on the left.                                                                                                                                                                                    , "A,B,C,D"         , B     , 3D Folding      , images/wild/cem_449.jpg                                                          , easy      , wild     , Intrinsic-Dynamic, images/wild/cem_449.jpg                                               ,                                                                             ,                                                                       ,                                                                       ,                                                                       ,                                                                       , 
Which cube that can be formed when folding the net on the left?                                                                                                                                                                                                        , "A, B, C, D"      , A     , 3D Folding      , images/wild/rc_82.jpg                                                            , easy      , wild     , Intrinsic-Dynamic, images/wild/rc_82.jpg                                                 ,                                                                             ,                                                                       ,                                                                       ,                                                                       ,                                                                       , 
Work out which of the four cubes can be made from the net.                                                                                                                                                                                                             , "A,B,C,D"         , C     , 3D Folding      , images/wild/cem_539.jpg                                                          , easy      , wild     , Intrinsic-Dynamic, images/wild/cem_539.jpg                                               ,                                                                             ,                                                                       ,                                                                       ,                                                                       ,                                                                       , 
Which cube that can be formed when folding the net on the left.                                                                                                                                                                                                        , "A, B, C, D"      , D     , 3D Folding      , images/wild/rc_222.jpg                                                           , easy      , wild     , Intrinsic-Dynamic, images/wild/rc_222.jpg                                                ,                                                                             ,                                                                       ,                                                                       ,                                                                       ,                                                                       , 
Work out which of the four cubes can be made from the net.                                                                                                                                                                                                             , "A,B,C,D"         , B     , 3D Folding      , images/wild/cem_372.jpg                                                          , easy      , wild     , Intrinsic-Dynamic, images/wild/cem_372.jpg                                               ,                                                                             ,                                                                       ,                                                                       ,                                                                       ,                                                                       , 
Work out which of the four partial nets can be folded to make the cube on the left.                                                                                                                                                                                    , "A,B,C,D"         , B     , 3D Folding      , images/wild/cem_240.jpg                                                          , easy      , wild     , Intrinsic-Dynamic, images/wild/cem_240.jpg                                               ,                                                                             ,                                                                       ,                                                                       ,                                                                       ,                                                                       , 
Work out which of the four cubes can be made from the net.                                                                                                                                                                                                             , "A,B,C,D"         , C     , 3D Folding      , images/wild/cem_482.jpg                                                          , easy      , wild     , Intrinsic-Dynamic, images/wild/cem_482.jpg                                               ,                                                                             ,                                                                       ,                                                                       ,                                                                       ,                                                                       , 
Work out which of the four cubes can be made from the net.                                                                                                                                                                                                             , "A,B,C,D"         , C     , 3D Folding      , images/wild/cem_371.jpg                                                          , easy      , wild     , Intrinsic-Dynamic, images/wild/cem_371.jpg                                               ,                                                                             ,                                                                       ,                                                                       ,                                                                       ,                                                                       , 
Work out which of the four partial nets can be folded to make the cube on the left.                                                                                                                                                                                    , "A,B,C,D"         , D     , 3D Folding      , images/wild/cem_132.jpg                                                          , hard      , wild     , Intrinsic-Dynamic, images/wild/cem_132.jpg                                               ,                                                                             ,                                                                       ,                                                                       ,                                                                       ,                                                                       , 
Which cube that can be formed when folding the net on the left.                                                                                                                                                                                                        , "A, B, C, D"      , B     , 3D Folding      , images/wild/rc_227.jpg                                                           , hard      , wild     , Intrinsic-Dynamic, images/wild/rc_227.jpg                                                ,                                                                             ,                                                                       ,                                                                       ,                                                                       ,                                                                       , 
Work out which of the four cubes can be made from the net.                                                                                                                                                                                                             , "A,B,C,D"         , C     , 3D Folding      , images/wild/cem_420.jpg                                                          , hard      , wild     , Intrinsic-Dynamic, images/wild/cem_420.jpg                                               ,                                                                             ,                                                                       ,                                                                       ,                                                                       ,                                                                       , 
Work out which of the four cubes can be made from the net.                                                                                                                                                                                                             , "A,B,C,D"         , D     , 3D Folding      , images/wild/cem_268.jpg                                                          , hard      , wild     , Intrinsic-Dynamic, images/wild/cem_268.jpg                                               ,                                                                             ,                                                                       ,                                                                       ,                                                                       ,                                                                       , 
Which 3D shape that can be formed from the net on the left?                                                                                                                                                                                                            , "A, B, C, D"      , C     , 3D Folding      , images/wild/rc_242.jpg                                                           , hard      , wild     , Intrinsic-Dynamic, images/wild/rc_242.jpg                                                ,                                                                             ,                                                                       ,                                                                       ,                                                                       ,                                                                       , 
Which cube that can be formed when folding the net on the left.                                                                                                                                                                                                        , "A, B, C, D"      , D     , 3D Folding      , images/wild/rc_233.jpg                                                           , hard      , wild     , Intrinsic-Dynamic, images/wild/rc_233.jpg                                                ,                                                                             ,                                                                       ,                                                                       ,                                                                       ,                                                                       , 
Work out which of the four partial nets can be folded to make the cube on the left.                                                                                                                                                                                    , "A,B,C,D"         , C     , 3D Folding      , images/wild/cem_243.jpg                                                          , hard      , wild     , Intrinsic-Dynamic, images/wild/cem_243.jpg                                               ,                                                                             ,                                                                       ,                                                                       ,                                                                       ,                                                                       , 
Work out which of the four cubes can be made from the net.                                                                                                                                                                                                             , "A,B,C,D"         , D     , 3D Folding      , images/wild/cem_440.jpg                                                          , medium    , wild     , Intrinsic-Dynamic, images/wild/cem_440.jpg                                               ,                                                                             ,                                                                       ,                                                                       ,                                                                       ,                                                                       , 
Work out which of the four cubes can be made from the net.                                                                                                                                                                                                             , "A,B,C,D"         , C     , 3D Folding      , images/wild/cem_218.jpg                                                          , medium    , wild     , Intrinsic-Dynamic, images/wild/cem_218.jpg                                               ,                                                                             ,                                                                       ,                                                                       ,                                                                       ,                                                                       , 
Work out which option is a 2D view from the right of the 3D figure shown.                                                                                                                                                                                              , "A,B,C,D"         , B     , 3D Projection   , images/wild/cem_274.jpg                                                          , easy      , wild     , Extrinsic-Static , images/wild/cem_274.jpg                                               ,                                                                             ,                                                                       ,                                                                       ,                                                                       ,                                                                       , 
Work out which option is a 2D view from the back of the 3D figure shown.                                                                                                                                                                                               , "A,B,C,D"         , C     , 3D Projection   , images/wild/cem_424.jpg                                                          , easy      , wild     , Extrinsic-Static , images/wild/cem_424.jpg                                               ,                                                                             ,                                                                       ,                                                                       ,                                                                       ,                                                                       , 
Work out which option is the 3D figure viewed from the right.                                                                                                                                                                                                          , "A,B,C,D"         , B     , 3D Projection   , images/wild/cem_52.jpg                                                           , easy      , wild     , Extrinsic-Static , images/wild/cem_52.jpg                                                ,                                                                             ,                                                                       ,                                                                       ,                                                                       ,                                                                       , 
Work out which option is a 2D view from above the 3D figure shown.                                                                                                                                                                                                     , "A,B,C,D"         , B     , 3D Projection   , images/wild/cem_535.jpg                                                          , easy      , wild     , Extrinsic-Static , images/wild/cem_535.jpg                                               ,                                                                             ,                                                                       ,                                                                       ,                                                                       ,                                                                       , 
Work out which option is a 2D view from the right of the 3D figure shown.                                                                                                                                                                                              , "A,B,C,D"         , C     , 3D Projection   , images/wild/cem_34.jpg                                                           , easy      , wild     , Extrinsic-Static , images/wild/cem_34.jpg                                                ,                                                                             ,                                                                       ,                                                                       ,                                                                       ,                                                                       , 
Work out which option is the 3D figure viewed from the left.                                                                                                                                                                                                           , "A,B,C,D"         , A     , 3D Projection   , images/wild/cem_114.jpg                                                          , easy      , wild     , Extrinsic-Static , images/wild/cem_114.jpg                                               ,                                                                             ,                                                                       ,                                                                       ,                                                                       ,                                                                       , 
Work out which option is the 3D figure viewed from the right.                                                                                                                                                                                                          , "A,B,C,D"         , C     , 3D Projection   , images/wild/cem_358.jpg                                                          , easy      , wild     , Extrinsic-Static , images/wild/cem_358.jpg                                               ,                                                                             ,                                                                       ,                                                                       ,                                                                       ,                                                                       , 
Work out which option is the 3D figure viewed from the back.                                                                                                                                                                                                           , "A,B,C,D"         , B     , 3D Projection   , images/wild/cem_301.jpg                                                          , easy      , wild     , Extrinsic-Static , images/wild/cem_301.jpg                                               ,                                                                             ,                                                                       ,                                                                       ,                                                                       ,                                                                       , 
Which figure on the right that shows the 2D rear view of the 3D figure on the left?                                                                                                                                                                                    , "A, B, C, D"      , D     , 3D Projection   , images/wild/rc_276.jpg                                                           , easy      , wild     , Extrinsic-Static , images/wild/rc_276.jpg                                                ,                                                                             ,                                                                       ,                                                                       ,                                                                       ,                                                                       , 
Work out which option is a 2D view from the right of the 3D figure shown.                                                                                                                                                                                              , "A,B,C,D"         , C     , 3D Projection   , images/wild/cem_438.jpg                                                          , hard      , wild     , Extrinsic-Static , images/wild/cem_438.jpg                                               ,                                                                             ,                                                                       ,                                                                       ,                                                                       ,                                                                       , 
Which figure on the right that shows the 2D rear view of the 3D figure on the left?                                                                                                                                                                                    , "A, B, C, D"      , A     , 3D Projection   , images/wild/rc_279.jpg                                                           , hard      , wild     , Extrinsic-Static , images/wild/rc_279.jpg                                                ,                                                                             ,                                                                       ,                                                                       ,                                                                       ,                                                                       , 
Work out which option is the 3D figure viewed from the left.                                                                                                                                                                                                           , "A,B,C,D"         , D     , 3D Projection   , images/wild/cem_188.jpg                                                          , hard      , wild     , Extrinsic-Static , images/wild/cem_188.jpg                                               ,                                                                             ,                                                                       ,                                                                       ,                                                                       ,                                                                       , 
Work out which option is a 2D view from above the 3D figure shown.                                                                                                                                                                                                     , "A,B,C,D"         , B     , 3D Projection   , images/wild/cem_375.jpg                                                          , hard      , wild     , Extrinsic-Static , images/wild/cem_375.jpg                                               ,                                                                             ,                                                                       ,                                                                       ,                                                                       ,                                                                       , 
Which figure that shows how the 3D figure on the left could look when viewed from behind?                                                                                                                                                                              , "A, B, C, D"      , D     , 3D Projection   , images/wild/rc_208.jpg                                                           , hard      , wild     , Extrinsic-Static , images/wild/rc_208.jpg                                                ,                                                                             ,                                                                       ,                                                                       ,                                                                       ,                                                                       , 
Work out which option is a 2D view from above the 3D figure shown.                                                                                                                                                                                                     , "A,B,C,D"         , D     , 3D Projection   , images/wild/cem_461.jpg                                                          , medium    , wild     , Extrinsic-Static , images/wild/cem_461.jpg                                               ,                                                                             ,                                                                       ,                                                                       ,                                                                       ,                                                                       , 
Which figure on the right that shows the top-down 2D view of the 3D figure on the left?                                                                                                                                                                                , "A, B, C, D"      , D     , 3D Projection   , images/wild/rc_69.jpg                                                            , medium    , wild     , Extrinsic-Static , images/wild/rc_69.jpg                                                 ,                                                                             ,                                                                       ,                                                                       ,                                                                       ,                                                                       , 
Work out which option is a 2D view from the right of the 3D figure shown.                                                                                                                                                                                              , "A,B,C,D"         , A     , 3D Projection   , images/wild/cem_528.jpg                                                          , medium    , wild     , Extrinsic-Static , images/wild/cem_528.jpg                                               ,                                                                             ,                                                                       ,                                                                       ,                                                                       ,                                                                       , 
Work out which 3D figure in the grey box has been rotated to make the new 3D figure.                                                                                                                                                                                   , "A,B,C,D,E,F"     , E     , 3D Rotation     , images/wild/cem_47.jpg                                                           , easy      , wild     , Intrinsic-Dynamic, images/wild/cem_47.jpg                                                ,                                                                             ,                                                                       ,                                                                       ,                                                                       ,                                                                       , 
Which figure is a rotation of the object?                                                                                                                                                                                                                              , "A, B, C, D"      , B     , 3D Rotation     , images/wild/image_23.jpg                                                         , easy      , wild     , Intrinsic-Dynamic, images/wild/image_23.jpg                                              ,                                                                             ,                                                                       ,                                                                       ,                                                                       ,                                                                       , 
Work out which 3D figure in the grey box has been rotated to make the new 3D figure.                                                                                                                                                                                   , "A,B,C,D,E,F"     , E     , 3D Rotation     , images/wild/cem_167.jpg                                                          , easy      , wild     , Intrinsic-Dynamic, images/wild/cem_167.jpg                                               ,                                                                             ,                                                                       ,                                                                       ,                                                                       ,                                                                       , 
Work out which 3D figure in the grey box has been rotated to make the new 3D figure.                                                                                                                                                                                   , "A,B,C,D,E,F"     , C     , 3D Rotation     , images/wild/cem_19.jpg                                                           , easy      , wild     , Intrinsic-Dynamic, images/wild/cem_19.jpg                                                ,                                                                             ,                                                                       ,                                                                       ,                                                                       ,                                                                       , 
Which figure is a rotation of the object?                                                                                                                                                                                                                              , "A, B, C, D"      , C     , 3D Rotation     , images/wild/image_4.jpg                                                          , easy      , wild     , Intrinsic-Dynamic, images/wild/image_4.jpg                                               ,                                                                             ,                                                                       ,                                                                       ,                                                                       ,                                                                       , 
Work out which 3D figure in the grey box has been rotated to make the new 3D figure.                                                                                                                                                                                   , "A,B,C,D,E,F"     , F     , 3D Rotation     , images/wild/cem_45.jpg                                                           , easy      , wild     , Intrinsic-Dynamic, images/wild/cem_45.jpg                                                ,                                                                             ,                                                                       ,                                                                       ,                                                                       ,                                                                       , 
Work out which 3D figure in the grey box has been rotated to make the new 3D figure.                                                                                                                                                                                   , "A,B,C,D,E,F"     , C     , 3D Rotation     , images/wild/cem_42.jpg                                                           , hard      , wild     , Intrinsic-Dynamic, images/wild/cem_42.jpg                                                ,                                                                             ,                                                                       ,                                                                       ,                                                                       ,                                                                       , 
Work out which 3D figure in the grey box has been rotated to make the new 3D figure.                                                                                                                                                                                   , "A,B,C,D"         , B     , 3D Rotation     , images/wild/cem_235.jpg                                                          , hard      , wild     , Intrinsic-Dynamic, images/wild/cem_235.jpg                                               ,                                                                             ,                                                                       ,                                                                       ,                                                                       ,                                                                       , 
Work out which 3D figure in the grey box has been rotated to make the new 3D figure.                                                                                                                                                                                   , "A,B,C,D,E,F"     , D     , 3D Rotation     , images/wild/cem_43.jpg                                                           , hard      , wild     , Intrinsic-Dynamic, images/wild/cem_43.jpg                                                ,                                                                             ,                                                                       ,                                                                       ,                                                                       ,                                                                       , 
One of the 3D figures below has been rotated to create the figure shown. Choose the letter of the figure that has been rotated.                                                                                                                                        , "A, B, C, D, E, F", F     , 3D Rotation     , images/wild/rc_164.jpg                                                           , hard      , wild     , Intrinsic-Dynamic, images/wild/rc_164.jpg                                                ,                                                                             ,                                                                       ,                                                                       ,                                                                       ,                                                                       , 
One of the 3D figures below has been rotated to create the figure shown. Choose the letter of the figure that has been rotated.                                                                                                                                        , "A, B, C, D, E, F", B     , 3D Rotation     , images/wild/rc_160.jpg                                                           , hard      , wild     , Intrinsic-Dynamic, images/wild/rc_160.jpg                                                ,                                                                             ,                                                                       ,                                                                       ,                                                                       ,                                                                       , 
Which 3D figures below has been rotated to create the figure shown above?                                                                                                                                                                                              , "A, B, C, D, E, F", D     , 3D Rotation     , images/wild/rc_33.jpg                                                            , medium    , wild     , Intrinsic-Dynamic, images/wild/rc_33.jpg                                                 ,                                                                             ,                                                                       ,                                                                       ,                                                                       ,                                                                       , 
One of the 3D figures below has been rotated to create the figure shown. Choose the letter of the figure that has been rotated.                                                                                                                                        , "A, B, C, D, E, F", B     , 3D Rotation     , images/wild/rc_165.jpg                                                           , medium    , wild     , Intrinsic-Dynamic, images/wild/rc_165.jpg                                                ,                                                                             ,                                                                       ,                                                                       ,                                                                       ,                                                                       , 
The figures on the left show different views of the same cube. Every face of this cube is different. Which figure that should replace the blank face?                                                                                                                  , "A, B, C, D"      , A     , 3D Shape Finding, images/wild/rc_115.jpg                                                           , easy      , wild     , Intrinsic-Static , images/wild/rc_115.jpg                                                ,                                                                             ,                                                                       ,                                                                       ,                                                                       ,                                                                       , 
"In each question, the figures on the left show different views of the same cube. Every face of this cube is different.  Which figure that should replace the blank face?"                                                                                             , "A, B, C, D"      , C     , 3D Shape Finding, images/wild/rc_248.jpg                                                           , easy      , wild     , Intrinsic-Static , images/wild/rc_248.jpg                                                ,                                                                             ,                                                                       ,                                                                       ,                                                                       ,                                                                       , 
The figures on the left show different views of the same cube. All the cube faces are different. Work out which of the options should replace the blue cube face.                                                                                                      , "A,B,C,D"         , C     , 3D Shape Finding, images/wild/cem_379.jpg                                                          , easy      , wild     , Intrinsic-Static , images/wild/cem_379.jpg                                               ,                                                                             ,                                                                       ,                                                                       ,                                                                       ,                                                                       , 
"In each question, the figures on the left show different views of the same cube. Every face of this cube is different.  Which figure that should replace the blank face?"                                                                                             , "A, B, C, D"      , B     , 3D Shape Finding, images/wild/rc_253.jpg                                                           , hard      , wild     , Intrinsic-Static , images/wild/rc_253.jpg                                                ,                                                                             ,                                                                       ,                                                                       ,                                                                       ,                                                                       , 
The figures on the left show different views of the same cube. Every face of this cube is different. Which figure that should replace the blank face?                                                                                                                  , "A, B, C, D"      , B     , 3D Shape Finding, images/wild/rc_120.jpg                                                           , hard      , wild     , Intrinsic-Static , images/wild/rc_120.jpg                                                ,                                                                             ,                                                                       ,                                                                       ,                                                                       ,                                                                       , 
The figures on the left show different views of the same cube. All the cube faces are different. Work out which of the options should replace the blue cube face.                                                                                                      , "A,B,C,D"         , B     , 3D Shape Finding, images/wild/cem_195.jpg                                                          , medium    , wild     , Intrinsic-Static , images/wild/cem_195.jpg                                               ,                                                                             ,                                                                       ,                                                                       ,                                                                       ,                                                                       , 
The first row of figures shows how a square is folded and then holes are punched into it. Which figure below that correctly shows the unfolded square?                                                                                                                 , "A, B, C, D"      , C     , Fold and Punch  , images/wild/rc_59.jpg                                                            , easy      , wild     , Intrinsic-Dynamic, images/wild/rc_59.jpg                                                 ,                                                                             ,                                                                       ,                                                                       ,                                                                       ,                                                                       , 
"A square is folded and then a hole is punched, as shown on the left. Work out which option shows the square when unfolded."                                                                                                                                           , "A,B,C,D"         , D     , Fold and Punch  , images/wild/cem_297.jpg                                                          , easy      , wild     , Intrinsic-Dynamic, images/wild/cem_297.jpg                                               ,                                                                             ,                                                                       ,                                                                       ,                                                                       ,                                                                       , 
"In each question, the first row of figures shows how a square is folded and then holes are punched into it.  Which figure that correctly shows the unfolded square?"                                                                                                  , "A, B, C, D"      , A     , Fold and Punch  , images/wild/rc_192.jpg                                                           , easy      , wild     , Intrinsic-Dynamic, images/wild/rc_192.jpg                                                ,                                                                             ,                                                                       ,                                                                       ,                                                                       ,                                                                       , 
"A square is folded and then a hole is punched, as shown on the left. Work out which option shows the square when unfolded."                                                                                                                                           , "A,B,C,D"         , B     , Fold and Punch  , images/wild/cem_129.jpg                                                          , easy      , wild     , Intrinsic-Dynamic, images/wild/cem_129.jpg                                               ,                                                                             ,                                                                       ,                                                                       ,                                                                       ,                                                                       , 
The first row of figures shows how a square is folded and then holes are punched into it. Which figure below that correctly shows the unfolded square?                                                                                                                 , "A, B, C, D"      , D     , Fold and Punch  , images/wild/rc_55.jpg                                                            , easy      , wild     , Intrinsic-Dynamic, images/wild/rc_55.jpg                                                 ,                                                                             ,                                                                       ,                                                                       ,                                                                       ,                                                                       , 
"A square is folded and then a hole is punched, as shown on the left. Work out which option shows the square when unfolded."                                                                                                                                           , "A,B,C,D"         , A     , Fold and Punch  , images/wild/cem_125.jpg                                                          , easy      , wild     , Intrinsic-Dynamic, images/wild/cem_125.jpg                                               ,                                                                             ,                                                                       ,                                                                       ,                                                                       ,                                                                       , 
The first row of figures shows how a square is folded and then holes are punched into it. Which figure below that correctly shows the unfolded square?                                                                                                                 , "A, B, C, D"      , D     , Fold and Punch  , images/wild/rc_53.jpg                                                            , easy      , wild     , Intrinsic-Dynamic, images/wild/rc_53.jpg                                                 ,                                                                             ,                                                                       ,                                                                       ,                                                                       ,                                                                       , 
"A square is folded and then a hole is punched, as shown on the left. Work out which option shows the square when unfolded."                                                                                                                                           , "A,B,C,D"         , D     , Fold and Punch  , images/wild/cem_30.jpg                                                           , easy      , wild     , Intrinsic-Dynamic, images/wild/cem_30.jpg                                                ,                                                                             ,                                                                       ,                                                                       ,                                                                       ,                                                                       , 
"A square is folded and then a hole is punched, as shown on the left. Work out which option shows the square when unfolded."                                                                                                                                           , "A,B,C,D"         , A     , Fold and Punch  , images/wild/cem_517.jpg                                                          , easy      , wild     , Intrinsic-Dynamic, images/wild/cem_517.jpg                                               ,                                                                             ,                                                                       ,                                                                       ,                                                                       ,                                                                       , 
"In each question, the first row of figures shows how a square is folded and then holes are punched into it.  Which figure that correctly shows the unfolded square?"                                                                                                  , "A, B, C, D"      , B     , Fold and Punch  , images/wild/rc_185.jpg                                                           , easy      , wild     , Intrinsic-Dynamic, images/wild/rc_185.jpg                                                ,                                                                             ,                                                                       ,                                                                       ,                                                                       ,                                                                       , 
"A square is folded and then a hole is punched, as shown on the left. Work out which option shows the square when unfolded."                                                                                                                                           , "A,B,C,D"         , B     , Fold and Punch  , images/wild/cem_519.jpg                                                          , easy      , wild     , Intrinsic-Dynamic, images/wild/cem_519.jpg                                               ,                                                                             ,                                                                       ,                                                                       ,                                                                       ,                                                                       , 
"A square is folded and then a hole is punched, as shown on the left. Work out which option shows the square when unfolded."                                                                                                                                           , "A,B,C,D"         , D     , Fold and Punch  , images/wild/cem_209.jpg                                                          , easy      , wild     , Intrinsic-Dynamic, images/wild/cem_209.jpg                                               ,                                                                             ,                                                                       ,                                                                       ,                                                                       ,                                                                       , 
"A square is folded and then a hole is punched, as shown on the left. Work out which option shows the square when unfolded."                                                                                                                                           , "A,B,C,D"         , C     , Fold and Punch  , images/wild/cem_428.jpg                                                          , easy      , wild     , Intrinsic-Dynamic, images/wild/cem_428.jpg                                               ,                                                                             ,                                                                       ,                                                                       ,                                                                       ,                                                                       , 
"A square is folded and then a hole is punched, as shown on the left. Work out which option shows the square when unfolded."                                                                                                                                           , "A,B,C,D"         , C     , Fold and Punch  , images/wild/cem_208.jpg                                                          , easy      , wild     , Intrinsic-Dynamic, images/wild/cem_208.jpg                                               ,                                                                             ,                                                                       ,                                                                       ,                                                                       ,                                                                       , 
"A square is folded and then a hole is punched, as shown on the left. Work out which option shows the square when unfolded."                                                                                                                                           , "A,B,C,D"         , C     , Fold and Punch  , images/wild/cem_395.jpg                                                          , easy      , wild     , Intrinsic-Dynamic, images/wild/cem_395.jpg                                               ,                                                                             ,                                                                       ,                                                                       ,                                                                       ,                                                                       , 
"A square is folded and then a hole is punched, as shown on the left. Work out which option shows the square when unfolded."                                                                                                                                           , "A,B,C,D"         , B     , Fold and Punch  , images/wild/cem_427.jpg                                                          , easy      , wild     , Intrinsic-Dynamic, images/wild/cem_427.jpg                                               ,                                                                             ,                                                                       ,                                                                       ,                                                                       ,                                                                       , 
"A square is folded and then a hole is punched, as shown on the left. Work out which option shows the square when unfolded."                                                                                                                                           , "A,B,C,D"         , C     , Fold and Punch  , images/wild/cem_457.jpg                                                          , easy      , wild     , Intrinsic-Dynamic, images/wild/cem_457.jpg                                               ,                                                                             ,                                                                       ,                                                                       ,                                                                       ,                                                                       , 
"In each question, the first row of figures shows how a square is folded and then holes are punched into it.  Which figure that correctly shows the unfolded square?"                                                                                                  , "A, B, C, D"      , B     , Fold and Punch  , images/wild/rc_190.jpg                                                           , easy      , wild     , Intrinsic-Dynamic, images/wild/rc_190.jpg                                                ,                                                                             ,                                                                       ,                                                                       ,                                                                       ,                                                                       , 
"A square is folded and then a hole is punched, as shown on the left. Work out which option shows the square when unfolded."                                                                                                                                           , "A,B,C,D"         , D     , Fold and Punch  , images/wild/cem_520.jpg                                                          , easy      , wild     , Intrinsic-Dynamic, images/wild/cem_520.jpg                                               ,                                                                             ,                                                                       ,                                                                       ,                                                                       ,                                                                       , 
"A square is folded and then a hole is punched, as shown on the left. Work out which option shows the square when unfolded."                                                                                                                                           , "A,B,C,D"         , C     , Fold and Punch  , images/wild/cem_219.jpg                                                          , easy      , wild     , Intrinsic-Dynamic, images/wild/cem_219.jpg                                               ,                                                                             ,                                                                       ,                                                                       ,                                                                       ,                                                                       , 
"In each question, the first row of figures shows how a square is folded and then holes are punched into it.  Which figure that correctly shows the unfolded square?"                                                                                                  , "A, B, C, D"      , A     , Fold and Punch  , images/wild/rc_188.jpg                                                           , easy      , wild     , Intrinsic-Dynamic, images/wild/rc_188.jpg                                                ,                                                                             ,                                                                       ,                                                                       ,                                                                       ,                                                                       , 
"A square is folded and then a hole is punched, as shown on the left. Work out which option shows the square when unfolded."                                                                                                                                           , "A,B,C,D"         , D     , Fold and Punch  , images/wild/cem_393.jpg                                                          , easy      , wild     , Intrinsic-Dynamic, images/wild/cem_393.jpg                                               ,                                                                             ,                                                                       ,                                                                       ,                                                                       ,                                                                       , 
"In each question, the first row of figures shows how a square is folded and then holes are punched into it.  Which figure that correctly shows the unfolded square?"                                                                                                  , "A, B, C, D"      , B     , Fold and Punch  , images/wild/rc_193.jpg                                                           , easy      , wild     , Intrinsic-Dynamic, images/wild/rc_193.jpg                                                ,                                                                             ,                                                                       ,                                                                       ,                                                                       ,                                                                       , 
"A square is folded and then a hole is punched, as shown on the left. Work out which option shows the square when unfolded."                                                                                                                                           , "A,B,C,D"         , C     , Fold and Punch  , images/wild/cem_460.jpg                                                          , easy      , wild     , Intrinsic-Dynamic, images/wild/cem_460.jpg                                               ,                                                                             ,                                                                       ,                                                                       ,                                                                       ,                                                                       , 
"In each question, the first row of figures shows how a square is folded and then holes are punched into it.  Which figure that correctly shows the unfolded square?"                                                                                                  , "A, B, C, D"      , C     , Fold and Punch  , images/wild/rc_184.jpg                                                           , easy      , wild     , Intrinsic-Dynamic, images/wild/rc_184.jpg                                                ,                                                                             ,                                                                       ,                                                                       ,                                                                       ,                                                                       , 
"A square is folded and then a hole is punched, as shown on the left. Work out which option shows the square when unfolded."                                                                                                                                           , "A,B,C,D"         , B     , Fold and Punch  , images/wild/cem_296.jpg                                                          , easy      , wild     , Intrinsic-Dynamic, images/wild/cem_296.jpg                                               ,                                                                             ,                                                                       ,                                                                       ,                                                                       ,                                                                       , 
"A square is folded and then a hole is punched, as shown on the left. Work out which option shows the square when unfolded."                                                                                                                                           , "A,B,C,D"         , A     , Fold and Punch  , images/wild/cem_81.jpg                                                           , easy      , wild     , Intrinsic-Dynamic, images/wild/cem_81.jpg                                                ,                                                                             ,                                                                       ,                                                                       ,                                                                       ,                                                                       , 
"In each question, the first row of figures shows how a square is folded and then holes are punched into it.  Which figure that correctly shows the unfolded square?"                                                                                                  , "A, B, C, D"      , C     , Fold and Punch  , images/wild/rc_194.jpg                                                           , easy      , wild     , Intrinsic-Dynamic, images/wild/rc_194.jpg                                                ,                                                                             ,                                                                       ,                                                                       ,                                                                       ,                                                                       , 
"A square is folded and then a hole is punched, as shown on the left. Work out which option shows the square when unfolded."                                                                                                                                           , "A,B,C,D"         , C     , Fold and Punch  , images/wild/cem_178.jpg                                                          , easy      , wild     , Intrinsic-Dynamic, images/wild/cem_178.jpg                                               ,                                                                             ,                                                                       ,                                                                       ,                                                                       ,                                                                       , 
"A square is folded and then a hole is punched, as shown on the left. Work out which option shows the square when unfolded."                                                                                                                                           , "A,B,C,D"         , C     , Fold and Punch  , images/wild/cem_126.jpg                                                          , easy      , wild     , Intrinsic-Dynamic, images/wild/cem_126.jpg                                               ,                                                                             ,                                                                       ,                                                                       ,                                                                       ,                                                                       , 
The first row of figures shows how a square is folded and then holes are punched into it. Which figure below that correctly shows the unfolded square?                                                                                                                 , "A, B, C, D"      , D     , Fold and Punch  , images/wild/rc_58.jpg                                                            , easy      , wild     , Intrinsic-Dynamic, images/wild/rc_58.jpg                                                 ,                                                                             ,                                                                       ,                                                                       ,                                                                       ,                                                                       , 
The first row of figures shows how a square is folded and then holes are punched into it. Which figure below that correctly shows the unfolded square?                                                                                                                 , "A, B, C, D"      , C     , Fold and Punch  , images/wild/rc_49.jpg                                                            , easy      , wild     , Intrinsic-Dynamic, images/wild/rc_49.jpg                                                 ,                                                                             ,                                                                       ,                                                                       ,                                                                       ,                                                                       , 
"A square is folded and then a hole is punched, as shown on the left. Work out which option shows the square when unfolded."                                                                                                                                           , "A,B,C,D"         , B     , Fold and Punch  , images/wild/cem_29.jpg                                                           , easy      , wild     , Intrinsic-Dynamic, images/wild/cem_29.jpg                                                ,                                                                             ,                                                                       ,                                                                       ,                                                                       ,                                                                       , 
The first row of figures shows how a square is folded and then holes are punched into it. Which figure below that correctly shows the unfolded square?                                                                                                                 , "A, B, C, D"      , C     , Fold and Punch  , images/wild/rc_50.jpg                                                            , easy      , wild     , Intrinsic-Dynamic, images/wild/rc_50.jpg                                                 ,                                                                             ,                                                                       ,                                                                       ,                                                                       ,                                                                       , 
"A square is folded and then a hole is punched, as shown on the left. Work out which option shows the square when unfolded."                                                                                                                                           , "A,B,C,D"         , D     , Fold and Punch  , images/wild/cem_459.jpg                                                          , easy      , wild     , Intrinsic-Dynamic, images/wild/cem_459.jpg                                               ,                                                                             ,                                                                       ,                                                                       ,                                                                       ,                                                                       , 
"A square is folded and then a hole is punched, as shown on the left. Work out which option shows the square when unfolded."                                                                                                                                           , "A,B,C,D"         , B     , Fold and Punch  , images/wild/cem_329.jpg                                                          , easy      , wild     , Intrinsic-Dynamic, images/wild/cem_329.jpg                                               ,                                                                             ,                                                                       ,                                                                       ,                                                                       ,                                                                       , 
"A square is folded and then a hole is punched, as shown on the left. Work out which option shows the square when unfolded."                                                                                                                                           , "A,B,C,D"         , C     , Fold and Punch  , images/wild/cem_394.jpg                                                          , easy      , wild     , Intrinsic-Dynamic, images/wild/cem_394.jpg                                               ,                                                                             ,                                                                       ,                                                                       ,                                                                       ,                                                                       , 
"A square is folded and then a hole is punched, as shown on the left. Work out which option shows the square when unfolded."                                                                                                                                           , "A,B,C,D"         , C     , Fold and Punch  , images/wild/cem_518.jpg                                                          , easy      , wild     , Intrinsic-Dynamic, images/wild/cem_518.jpg                                               ,                                                                             ,                                                                       ,                                                                       ,                                                                       ,                                                                       , 
"A square is folded and then a hole is punched, as shown on the left. Work out which option shows the square when unfolded."                                                                                                                                           , "A,B,C,D"         , D     , Fold and Punch  , images/wild/cem_330.jpg                                                          , easy      , wild     , Intrinsic-Dynamic, images/wild/cem_330.jpg                                               ,                                                                             ,                                                                       ,                                                                       ,                                                                       ,                                                                       , 
"A square is folded and then a hole is punched, as shown on the left. Work out which option shows the square when unfolded."                                                                                                                                           , "A,B,C,D"         , D     , Fold and Punch  , images/wild/cem_127.jpg                                                          , easy      , wild     , Intrinsic-Dynamic, images/wild/cem_127.jpg                                               ,                                                                             ,                                                                       ,                                                                       ,                                                                       ,                                                                       , 
"A square is folded and then a hole is punched, as shown on the left. Work out which option shows the square when unfolded."                                                                                                                                           , "A,B,C,D"         , C     , Fold and Punch  , images/wild/cem_82.jpg                                                           , easy      , wild     , Intrinsic-Dynamic, images/wild/cem_82.jpg                                                ,                                                                             ,                                                                       ,                                                                       ,                                                                       ,                                                                       , 
The first row of figures shows how a square is folded and then holes are punched into it. Which figure below that correctly shows the unfolded square?                                                                                                                 , "A, B, C, D"      , A     , Fold and Punch  , images/wild/rc_51.jpg                                                            , easy      , wild     , Intrinsic-Dynamic, images/wild/rc_51.jpg                                                 ,                                                                             ,                                                                       ,                                                                       ,                                                                       ,                                                                       , 
"A square is folded and then a hole is punched, as shown on the left. Work out which option shows the square when unfolded."                                                                                                                                           , "A,B,C,D"         , D     , Fold and Punch  , images/wild/cem_220.jpg                                                          , easy      , wild     , Intrinsic-Dynamic, images/wild/cem_220.jpg                                               ,                                                                             ,                                                                       ,                                                                       ,                                                                       ,                                                                       , 
"A square is folded and then a hole is punched, as shown on the left. Work out which option shows the square when unfolded."                                                                                                                                           , "A,B,C,D"         , A     , Fold and Punch  , images/wild/cem_328.jpg                                                          , easy      , wild     , Intrinsic-Dynamic, images/wild/cem_328.jpg                                               ,                                                                             ,                                                                       ,                                                                       ,                                                                       ,                                                                       , 
The first row of figures shows how a square is folded and then holes are punched into it. Which figure below that correctly shows the unfolded square?                                                                                                                 , "A, B, C, D"      , C     , Fold and Punch  , images/wild/rc_52.jpg                                                            , easy      , wild     , Intrinsic-Dynamic, images/wild/rc_52.jpg                                                 ,                                                                             ,                                                                       ,                                                                       ,                                                                       ,                                                                       , 
"A square is folded and then a hole is punched, as shown on the left. Work out which option shows the square when unfolded."                                                                                                                                           , "A,B,C,D"         , B     , Fold and Punch  , images/wild/cem_223.jpg                                                          , easy      , wild     , Intrinsic-Dynamic, images/wild/cem_223.jpg                                               ,                                                                             ,                                                                       ,                                                                       ,                                                                       ,                                                                       , 
"A square is folded and then a hole is punched, as shown on the left. Work out which option shows the square when unfolded."                                                                                                                                           , "A,B,C,D"         , C     , Fold and Punch  , images/wild/cem_221.jpg                                                          , easy      , wild     , Intrinsic-Dynamic, images/wild/cem_221.jpg                                               ,                                                                             ,                                                                       ,                                                                       ,                                                                       ,                                                                       , 
"A square is folded and then a hole is punched, as shown on the left. Work out which option shows the square when unfolded."                                                                                                                                           , "A,B,C,D"         , A     , Fold and Punch  , images/wild/cem_456.jpg                                                          , hard      , wild     , Intrinsic-Dynamic, images/wild/cem_456.jpg                                               ,                                                                             ,                                                                       ,                                                                       ,                                                                       ,                                                                       , 
"A square is folded and then a hole is punched, as shown on the left. Work out which option shows the square when unfolded."                                                                                                                                           , "A,B,C,D"         , A     , Fold and Punch  , images/wild/cem_298.jpg                                                          , hard      , wild     , Intrinsic-Dynamic, images/wild/cem_298.jpg                                               ,                                                                             ,                                                                       ,                                                                       ,                                                                       ,                                                                       , 
"A square is folded and then a hole is punched, as shown on the left. Work out which option shows the square when unfolded."                                                                                                                                           , "A,B,C,D"         , B     , Fold and Punch  , images/wild/cem_207.jpg                                                          , hard      , wild     , Intrinsic-Dynamic, images/wild/cem_207.jpg                                               ,                                                                             ,                                                                       ,                                                                       ,                                                                       ,                                                                       , 
"A square is folded and then a hole is punched, as shown on the left. Work out which option shows the square when unfolded."                                                                                                                                           , "A,B,C,D"         , B     , Fold and Punch  , images/wild/cem_83.jpg                                                           , hard      , wild     , Intrinsic-Dynamic, images/wild/cem_83.jpg                                                ,                                                                             ,                                                                       ,                                                                       ,                                                                       ,                                                                       , 
"A square is folded and then a hole is punched, as shown on the left. Work out which option shows the square when unfolded."                                                                                                                                           , "A,B,C,D"         , C     , Fold and Punch  , images/wild/cem_397.jpg                                                          , hard      , wild     , Intrinsic-Dynamic, images/wild/cem_397.jpg                                               ,                                                                             ,                                                                       ,                                                                       ,                                                                       ,                                                                       , 
"A square is folded and then a hole is punched, as shown on the left. Work out which option shows the square when unfolded."                                                                                                                                           , "A,B,C,D"         , B     , Fold and Punch  , images/wild/cem_331.jpg                                                          , hard      , wild     , Intrinsic-Dynamic, images/wild/cem_331.jpg                                               ,                                                                             ,                                                                       ,                                                                       ,                                                                       ,                                                                       , 
"A square is folded and then a hole is punched, as shown on the left. Work out which option shows the square when unfolded."                                                                                                                                           , "A,B,C,D"         , A     , Fold and Punch  , images/wild/cem_33.jpg                                                           , hard      , wild     , Intrinsic-Dynamic, images/wild/cem_33.jpg                                                ,                                                                             ,                                                                       ,                                                                       ,                                                                       ,                                                                       , 
"A square is folded and then a hole is punched, as shown on the left. Work out which option shows the square when unfolded."                                                                                                                                           , "A,B,C,D"         , C     , Fold and Punch  , images/wild/cem_396.jpg                                                          , hard      , wild     , Intrinsic-Dynamic, images/wild/cem_396.jpg                                               ,                                                                             ,                                                                       ,                                                                       ,                                                                       ,                                                                       , 
"A square is folded and then a hole is punched, as shown on the left. Work out which option shows the square when unfolded."                                                                                                                                           , "A,B,C,D"         , D     , Fold and Punch  , images/wild/cem_128.jpg                                                          , hard      , wild     , Intrinsic-Dynamic, images/wild/cem_128.jpg                                               ,                                                                             ,                                                                       ,                                                                       ,                                                                       ,                                                                       , 
"In each question, the first row of figures shows how a square is folded and then holes are punched into it.  Which figure that correctly shows the unfolded square?"                                                                                                  , "A, B, C, D"      , D     , Fold and Punch  , images/wild/rc_187.jpg                                                           , hard      , wild     , Intrinsic-Dynamic, images/wild/rc_187.jpg                                                ,                                                                             ,                                                                       ,                                                                       ,                                                                       ,                                                                       , 
"A square is folded and then a hole is punched, as shown on the left. Work out which option shows the square when unfolded."                                                                                                                                           , "A,B,C,D"         , B     , Fold and Punch  , images/wild/cem_429.jpg                                                          , hard      , wild     , Intrinsic-Dynamic, images/wild/cem_429.jpg                                               ,                                                                             ,                                                                       ,                                                                       ,                                                                       ,                                                                       , 
"A square is folded and then a hole is punched, as shown on the left. Work out which option shows the square when unfolded."                                                                                                                                           , "A,B,C,D"         , B     , Fold and Punch  , images/wild/cem_299.jpg                                                          , hard      , wild     , Intrinsic-Dynamic, images/wild/cem_299.jpg                                               ,                                                                             ,                                                                       ,                                                                       ,                                                                       ,                                                                       , 
"A square is folded and then a hole is punched, as shown on the left. Work out which option shows the square when unfolded."                                                                                                                                           , "A,B,C,D"         , A     , Fold and Punch  , images/wild/cem_210.jpg                                                          , hard      , wild     , Intrinsic-Dynamic, images/wild/cem_210.jpg                                               ,                                                                             ,                                                                       ,                                                                       ,                                                                       ,                                                                       , 
"A square is folded and then a hole is punched, as shown on the left. Work out which option shows the square when unfolded."                                                                                                                                           , "A,B,C,D"         , A     , Fold and Punch  , images/wild/cem_31.jpg                                                           , hard      , wild     , Intrinsic-Dynamic, images/wild/cem_31.jpg                                                ,                                                                             ,                                                                       ,                                                                       ,                                                                       ,                                                                       , 
"In each question, the first row of figures shows how a square is folded and then holes are punched into it.  Which figure that correctly shows the unfolded square?"                                                                                                  , "A, B, C, D"      , A     , Fold and Punch  , images/wild/rc_186.jpg                                                           , hard      , wild     , Intrinsic-Dynamic, images/wild/rc_186.jpg                                                ,                                                                             ,                                                                       ,                                                                       ,                                                                       ,                                                                       , 
The first row of figures shows how a square is folded and then holes are punched into it. Which figure below that correctly shows the unfolded square?                                                                                                                 , "A, B, C, D"      , D     , Fold and Punch  , images/wild/rc_57.jpg                                                            , hard      , wild     , Intrinsic-Dynamic, images/wild/rc_57.jpg                                                 ,                                                                             ,                                                                       ,                                                                       ,                                                                       ,                                                                       , 
"A square is folded and then a hole is punched, as shown on the left. Work out which option shows the square when unfolded."                                                                                                                                           , "A,B,C,D"         , C     , Fold and Punch  , images/wild/cem_206.jpg                                                          , medium    , wild     , Intrinsic-Dynamic, images/wild/cem_206.jpg                                               ,                                                                             ,                                                                       ,                                                                       ,                                                                       ,                                                                       , 
"In each question, the first row of figures shows how a square is folded and then holes are punched into it.  Which figure that correctly shows the unfolded square?"                                                                                                  , "A, B, C, D"      , A     , Fold and Punch  , images/wild/rc_189.jpg                                                           , medium    , wild     , Intrinsic-Dynamic, images/wild/rc_189.jpg                                                ,                                                                             ,                                                                       ,                                                                       ,                                                                       ,                                                                       , 
"A square is folded and then a hole is punched, as shown on the left. Work out which option shows the square when unfolded."                                                                                                                                           , "A,B,C,D"         , C     , Fold and Punch  , images/wild/cem_458.jpg                                                          , medium    , wild     , Intrinsic-Dynamic, images/wild/cem_458.jpg                                               ,                                                                             ,                                                                       ,                                                                       ,                                                                       ,                                                                       , 
"A square is folded and then a hole is punched, as shown on the left. Work out which option shows the square when unfolded."                                                                                                                                           , "A,B,C,D"         , C     , Fold and Punch  , images/wild/cem_327.jpg                                                          , medium    , wild     , Intrinsic-Dynamic, images/wild/cem_327.jpg                                               ,                                                                             ,                                                                       ,                                                                       ,                                                                       ,                                                                       , 
"A square is folded and then a hole is punched, as shown on the left. Work out which option shows the square when unfolded."                                                                                                                                           , "A,B,C,D"         , A     , Fold and Punch  , images/wild/cem_430.jpg                                                          , medium    , wild     , Intrinsic-Dynamic, images/wild/cem_430.jpg                                               ,                                                                             ,                                                                       ,                                                                       ,                                                                       ,                                                                       , 
"A square is folded and then a hole is punched, as shown on the left. Work out which option shows the square when unfolded."                                                                                                                                           , "A,B,C,D"         , C     , Fold and Punch  , images/wild/cem_84.jpg                                                           , medium    , wild     , Intrinsic-Dynamic, images/wild/cem_84.jpg                                                ,                                                                             ,                                                                       ,                                                                       ,                                                                       ,                                                                       , 
"A square is folded and then a hole is punched, as shown on the left. Work out which option shows the square when unfolded."                                                                                                                                           , "A,B,C,D"         , B     , Fold and Punch  , images/wild/cem_431.jpg                                                          , medium    , wild     , Intrinsic-Dynamic, images/wild/cem_431.jpg                                               ,                                                                             ,                                                                       ,                                                                       ,                                                                       ,                                                                       , 
"A square is folded and then a hole is punched, as shown on the left. Work out which option shows the square when unfolded."                                                                                                                                           , "A,B,C,D"         , D     , Fold and Punch  , images/wild/cem_32.jpg                                                           , medium    , wild     , Intrinsic-Dynamic, images/wild/cem_32.jpg                                                ,                                                                             ,                                                                       ,                                                                       ,                                                                       ,                                                                       , 
The first row of figures shows how a square is folded and then holes are punched into it. Which figure below that correctly shows the unfolded square?                                                                                                                 , "A, B, C, D"      , A     , Fold and Punch  , images/wild/rc_56.jpg                                                            , medium    , wild     , Intrinsic-Dynamic, images/wild/rc_56.jpg                                                 ,                                                                             ,                                                                       ,                                                                       ,                                                                       ,                                                                       , 
"A square is folded and then a hole is punched, as shown on the left. Work out which option shows the square when unfolded."                                                                                                                                           , "A,B,C,D"         , A     , Fold and Punch  , images/wild/cem_85.jpg                                                           , medium    , wild     , Intrinsic-Dynamic, images/wild/cem_85.jpg                                                ,                                                                             ,                                                                       ,                                                                       ,                                                                       ,                                                                       , 
"In each question, the first row of figures shows how a square is folded and then holes are punched into it.  Which figure that correctly shows the unfolded square?"                                                                                                  , "A, B, C, D"      , D     , Fold and Punch  , images/wild/rc_191.jpg                                                           , medium    , wild     , Intrinsic-Dynamic, images/wild/rc_191.jpg                                                ,                                                                             ,                                                                       ,                                                                       ,                                                                       ,                                                                       , 
"A square is folded and then a hole is punched, as shown on the left. Work out which option shows the square when unfolded."                                                                                                                                           , "A,B,C,D"         , C     , Fold and Punch  , images/wild/cem_521.jpg                                                          , medium    , wild     , Intrinsic-Dynamic, images/wild/cem_521.jpg                                               ,                                                                             ,                                                                       ,                                                                       ,                                                                       ,                                                                       , 
"A square is folded and then a hole is punched, as shown on the left. Work out which option shows the square when unfolded."                                                                                                                                           , "A,B,C,D"         , D     , Fold and Punch  , images/wild/cem_222.jpg                                                          , medium    , wild     , Intrinsic-Dynamic, images/wild/cem_222.jpg                                               ,                                                                             ,                                                                       ,                                                                       ,                                                                       ,                                                                       , 
"A square is folded and then a hole is punched, as shown on the left. Work out which option shows the square when unfolded."                                                                                                                                           , "A,B,C,D"         , C     , Fold and Punch  , images/wild/cem_300.jpg                                                          , medium    , wild     , Intrinsic-Dynamic, images/wild/cem_300.jpg                                               ,                                                                             ,                                                                       ,                                                                       ,                                                                       ,                                                                       , 
The first row of figures shows how a square is folded and then holes are punched into it. Which figure below that correctly shows the unfolded square?                                                                                                                 , "A, B, C, D"      , A     , Fold and Punch  , images/wild/rc_54.jpg                                                            , medium    , wild     , Intrinsic-Dynamic, images/wild/rc_54.jpg                                                 ,                                                                             ,                                                                       ,                                                                       ,                                                                       ,                                                                       , 
